#usda 1.0
(
    defaultPrim = "Suzanne"
    startTimeCode = 1
    endTimeCode   = 10
    framesPerSecond = 24
    timeCodesPerSecond = 24
    doc = """Animation override: Suzanne — exported from Blender"""

)

over "Suzanne"
{
    over "SuzanneMdl"
    {
        point3f[] points.timeSamples = {
            1: [(0.437500, -0.800832, 0.121558), (-0.437500, -0.800832, 0.121558), (0.500000, -0.719720, 0.054712), (-0.500000, -0.719720, 0.054712), (0.546875, -0.608749, 0.020447), (-0.546875, -0.608749, 0.020447), (0.351562, -0.644374, -0.059304), (-0.351562, -0.644374, -0.059304), (0.351562, -0.748221, -0.009089), (-0.351562, -0.748221, -0.009089), (0.351562, -0.815082, 0.089657), (-0.351562, -0.815082, 0.089657), (0.273438, -0.832052, 0.120198), (-0.273438, -0.832052, 0.120198), (0.203125, -0.774356, 0.052332), (-0.203125, -0.774356, 0.052332), (0.156250, -0.678995, 0.017386), (-0.156250, -0.678995, 0.017386), (0.078125, -0.694960, 0.204369), (-0.078125, -0.694960, 0.204369), (0.140625, -0.780816, 0.200629), (-0.140625, -0.780816, 0.200629), (0.242188, -0.835452, 0.198248), (-0.242188, -0.835452, 0.198248), (0.273438, -0.839192, 0.284105), (-0.273438, -0.839192, 0.284105), (0.203125, -0.787277, 0.348926), (-0.203125, -0.787277, 0.348926), (0.156250, -0.695655, 0.399837), (-0.156250, -0.695655, 0.399837), (0.351562, -0.667835, 0.479247), (-0.351562, -0.667835, 0.479247), (0.351562, -0.766581, 0.412387), (-0.351562, -0.766581, 0.412387), (0.351562, -0.824942, 0.316005), (-0.351562, -0.824942, 0.316005), (0.437500, -0.807972, 0.285465), (-0.437500, -0.807972, 0.285465), (0.500000, -0.732641, 0.351306), (-0.500000, -0.732641, 0.351306), (0.546875, -0.625409, 0.402896), (-0.546875, -0.625409, 0.402896), (0.625000, -0.601299, 0.208449), (-0.625000, -0.601299, 0.208449), (0.562500, -0.710570, 0.203688), (-0.562500, -0.710570, 0.203688), (0.468750, -0.796427, 0.199949), (-0.468750, -0.796427, 0.199949), (0.476562, -0.812037, 0.199269), (-0.476562, -0.812037, 0.199269), (0.445312, -0.823922, 0.292590), (-0.445312, -0.823922, 0.292590), (0.351562, -0.849037, 0.330596), (-0.351562, -0.849037, 0.330596), (0.265625, -0.862947, 0.290890), (-0.265625, -0.862947, 0.290890), (0.226562, -0.858867, 0.197229), (-0.226562, -0.858867, 0.197229), (0.265625, -0.855127, 0.111373), (-0.265625, -0.855127, 0.111373), (0.351562, -0.866672, 0.196888), (-0.351562, -0.866672, 0.196888), (0.351562, -0.837817, 0.073027), (-0.351562, -0.837817, 0.073027), (0.445312, -0.816102, 0.113072), (-0.445312, -0.816102, 0.113072), (-0.000000, -0.788976, 0.387951), (-0.000000, -0.863628, 0.306500), (-0.000000, -0.733465, -0.718110), (-0.000000, -0.795274, -0.361481), (-0.000000, -0.816541, -0.229849), (-0.000000, -0.713975, -0.811075), (-0.000000, -0.647465, 0.370656), (-0.000000, -0.623384, 0.535923), (-0.000000, 0.478464, 0.912358), (-0.000000, 0.799182, 0.589055), (-0.000000, 0.797132, 0.095469), (-0.000000, 0.339485, -0.377179), (0.203125, -0.582293, -0.219533), (-0.203125, -0.582293, -0.219533), (0.312500, -0.579625, -0.469288), (-0.312500, -0.579625, -0.469288), (0.351562, -0.568946, -0.726772), (-0.351562, -0.568946, -0.726772), (0.367188, -0.521842, -0.920262), (-0.367188, -0.521842, -0.920262), (0.328125, -0.511775, -0.974572), (-0.328125, -0.511775, -0.974572), (0.179688, -0.542026, -0.999285), (-0.179688, -0.542026, -0.999285), (-0.000000, -0.564793, -1.015871), (0.437500, -0.553151, -0.171759), (-0.437500, -0.553151, -0.171759), (0.632812, -0.565463, -0.071086), (-0.632812, -0.565463, -0.071086), (0.828125, -0.480126, 0.119910), (-0.828125, -0.480126, 0.119910), (0.859375, -0.640680, 0.394411), (-0.859375, -0.640680, 0.394411), (0.710938, -0.674280, 0.447687), (-0.710938, -0.674280, 0.447687), (0.492188, -0.741821, 0.562043), (-0.492188, -0.741821, 0.562043), (0.320312, -0.795452, 0.716104), (-0.320312, -0.795452, 0.716104), (0.156250, -0.817167, 0.676059), (-0.156250, -0.817167, 0.676059), (0.062500, -0.799502, 0.450051), (-0.062500, -0.799502, 0.450051), (0.164062, -0.819517, 0.370981), (-0.164062, -0.819517, 0.370981), (0.125000, -0.806952, 0.262049), (-0.125000, -0.806952, 0.262049), (0.203125, -0.774259, 0.052542), (-0.203125, -0.774259, 0.052542), (0.375000, -0.731701, -0.023446), (-0.375000, -0.731701, -0.023446), (0.492188, -0.702569, 0.024562), (-0.492188, -0.702569, 0.024562), (0.625000, -0.684760, 0.150097), (-0.625000, -0.684760, 0.150097), (0.640625, -0.689535, 0.259344), (-0.640625, -0.689535, 0.259344), (0.601562, -0.708545, 0.336716), (-0.601562, -0.708545, 0.336716), (0.429688, -0.765901, 0.396776), (-0.429688, -0.765901, 0.396776), (0.250000, -0.806287, 0.426296), (-0.250000, -0.806287, 0.426296), (-0.000000, -0.729908, -0.803926), (0.109375, -0.731854, -0.757098), (-0.109375, -0.731854, -0.757098), (0.117188, -0.703595, -0.873149), (-0.117188, -0.703595, -0.873149), (0.062500, -0.686048, -0.919316), (-0.062500, -0.686048, -0.919316), (-0.000000, -0.677920, -0.926793), (-0.000000, -0.769394, -0.235755), (-0.000000, -0.763939, -0.180895), (0.101562, -0.763582, -0.188595), (-0.101562, -0.763582, -0.188595), (0.125000, -0.768019, -0.266669), (-0.125000, -0.768019, -0.266669), (0.085938, -0.757560, -0.328603), (-0.085938, -0.757560, -0.328603), (0.398438, -0.697735, -0.084373), (-0.398438, -0.697735, -0.084373), (0.617188, -0.655437, 0.018703), (-0.617188, -0.655437, 0.018703), (0.726562, -0.638625, 0.167723), (-0.726562, -0.638625, 0.167723), (0.742188, -0.700740, 0.337055), (-0.742188, -0.700740, 0.337055), (0.687500, -0.772686, 0.373022), (-0.687500, -0.772686, 0.373022), (0.437500, -0.848712, 0.502648), (-0.437500, -0.848712, 0.502648), (0.312500, -0.891818, 0.594608), (-0.312500, -0.891818, 0.594608), (0.203125, -0.906408, 0.570514), (-0.203125, -0.906408, 0.570514), (0.101562, -0.890443, 0.383531), (-0.101562, -0.890443, 0.383531), (0.125000, -0.835896, -0.145043), (-0.125000, -0.835896, -0.145043), (0.210938, -0.719790, -0.483095), (-0.210938, -0.719790, -0.483095), (0.250000, -0.685681, -0.739507), (-0.250000, -0.685681, -0.739507), (0.265625, -0.657421, -0.855569), (-0.265625, -0.657421, -0.855569), (0.234375, -0.622328, -0.947911), (-0.234375, -0.622328, -0.947911), (0.164062, -0.621680, -0.963522), (-0.164062, -0.621680, -0.963522), (-0.000000, -0.628837, -0.979459), (-0.000000, -0.756625, 0.006373), (-0.000000, -0.802872, 0.168388), (0.328125, -0.791016, 0.434782), (-0.328125, -0.791016, 0.434782), (0.164062, -0.784175, 0.098875), (-0.164062, -0.784175, 0.098875), (0.132812, -0.795066, 0.168728), (-0.132812, -0.795066, 0.168728), (0.117188, -0.733147, -0.725894), (-0.117188, -0.733147, -0.725894), (0.078125, -0.758813, -0.484797), (-0.078125, -0.758813, -0.484797), (-0.000000, -0.758812, -0.484808), (-0.000000, -0.755916, -0.367582), (0.093750, -0.797252, -0.314714), (-0.093750, -0.797252, -0.314714), (0.132812, -0.814857, -0.268685), (-0.132812, -0.814857, -0.268685), (0.109375, -0.803258, -0.174580), (-0.109375, -0.803258, -0.174580), (0.039062, -0.803603, -0.166830), (-0.039062, -0.803603, -0.166830), (-0.000000, -0.847083, -0.246678), (0.046875, -0.833810, -0.191490), (-0.046875, -0.833810, -0.191490), (0.093750, -0.833472, -0.199263), (-0.093750, -0.833472, -0.199263), (0.109375, -0.846082, -0.270027), (-0.109375, -0.846082, -0.270027), (0.078125, -0.821666, -0.292378), (-0.078125, -0.821666, -0.292378), (-0.000000, -0.820010, -0.331305), (0.257812, -0.569221, -0.343873), (-0.257812, -0.569221, -0.343873), (0.164062, -0.728313, -0.280490), (-0.164062, -0.728313, -0.280490), (0.179688, -0.725345, -0.350599), (-0.179688, -0.725345, -0.350599), (0.234375, -0.571843, -0.281523), (-0.234375, -0.571843, -0.281523), (-0.000000, -0.678565, -0.911189), (0.046875, -0.678887, -0.903388), (-0.046875, -0.678887, -0.903388), (0.093750, -0.704239, -0.857546), (-0.093750, -0.704239, -0.857546), (0.093750, -0.723079, -0.780178), (-0.093750, -0.723079, -0.780178), (-0.000000, -0.651214, -0.816266), (0.093750, -0.660316, -0.785371), (-0.093750, -0.660316, -0.785371), (0.093750, -0.634311, -0.846828), (-0.093750, -0.634311, -0.846828), (0.046875, -0.624888, -0.885523), (-0.046875, -0.624888, -0.885523), (-0.000000, -0.624565, -0.893326), (0.171875, -0.818822, 0.175513), (-0.171875, -0.818822, 0.175513), (0.187500, -0.808285, 0.113435), (-0.187500, -0.808285, 0.113435), (0.335938, -0.804587, 0.387271), (-0.335938, -0.804587, 0.387271), (0.273438, -0.819857, 0.378786), (-0.273438, -0.819857, 0.378786), (0.421875, -0.818837, 0.355371), (-0.421875, -0.818837, 0.355371), (0.562500, -0.738746, 0.311940), (-0.562500, -0.738746, 0.311940), (0.585938, -0.728220, 0.249839), (-0.585938, -0.728220, 0.249839), (0.578125, -0.716308, 0.156565), (-0.578125, -0.716308, 0.156565), (0.476562, -0.751112, 0.061510), (-0.476562, -0.751112, 0.061510), (0.375000, -0.772797, 0.021575), (-0.375000, -0.772797, 0.021575), (0.226562, -0.813967, 0.066449), (-0.226562, -0.813967, 0.066449), (0.179688, -0.822222, 0.253564), (-0.179688, -0.822222, 0.253564), (0.210938, -0.825622, 0.331615), (-0.210938, -0.825622, 0.331615), (0.234375, -0.801527, 0.317025), (-0.234375, -0.801527, 0.317025), (0.195312, -0.798807, 0.254585), (-0.195312, -0.798807, 0.254585), (0.242188, -0.791222, 0.083087), (-0.242188, -0.791222, 0.083087), (0.375000, -0.758214, 0.045624), (-0.375000, -0.758214, 0.045624), (0.460938, -0.736184, 0.077778), (-0.460938, -0.736184, 0.077778), (0.546875, -0.709190, 0.172500), (-0.546875, -0.709190, 0.172500), (0.554688, -0.712270, 0.242714), (-0.554688, -0.712270, 0.242714), (0.531250, -0.722456, 0.297009), (-0.531250, -0.722456, 0.297009), (0.414062, -0.795081, 0.348585), (-0.414062, -0.795081, 0.348585), (0.281250, -0.811032, 0.355711), (-0.281250, -0.811032, 0.355711), (0.335938, -0.795762, 0.364196), (-0.335938, -0.795762, 0.364196), (0.203125, -0.785561, 0.130043), (-0.203125, -0.785561, 0.130043), (0.195312, -0.787941, 0.184679), (-0.195312, -0.787941, 0.184679), (0.109375, -0.657650, 0.424952), (-0.109375, -0.657650, 0.424952), (0.195312, -0.674295, 0.627544), (-0.195312, -0.674295, 0.627544), (0.335938, -0.651900, 0.651979), (-0.335938, -0.651900, 0.651979), (0.484375, -0.607094, 0.520993), (-0.484375, -0.607094, 0.520993), (0.679688, -0.540233, 0.422247), (-0.679688, -0.540233, 0.422247), (0.796875, -0.506973, 0.376776), (-0.796875, -0.506973, 0.376776), (0.773438, -0.410509, 0.138639), (-0.773438, -0.410509, 0.138639), (0.601562, -0.442181, -0.026545), (-0.601562, -0.442181, -0.026545), (0.437500, -0.492667, -0.122197), (-0.437500, -0.492667, -0.122197), (-0.000000, -0.356681, 0.875978), (-0.000000, 0.006418, 0.977813), (-0.000000, 0.652197, -0.177077), (-0.000000, -0.196271, -0.476131), (-0.000000, -0.448063, -1.003175), (-0.000000, -0.338136, -0.826534), (-0.000000, -0.324438, -0.591221), (-0.000000, -0.288954, -0.503598), (0.851562, -0.093388, 0.222875), (-0.851562, -0.093388, 0.222875), (0.859375, 0.004382, 0.313117), (-0.859375, 0.004382, 0.313117), (0.773438, 0.397759, 0.275167), (-0.773438, 0.397759, 0.275167), (0.460938, 0.656026, 0.457999), (-0.460938, 0.656026, 0.457999), (0.734375, -0.096479, -0.058400), (-0.734375, -0.096479, -0.058400), (0.593750, 0.141173, -0.126514), (-0.593750, 0.141173, -0.126514), (0.640625, 0.401654, 0.001573), (-0.640625, 0.401654, 0.001573), (0.335938, 0.633504, 0.073524), (-0.335938, 0.633504, 0.073524), (0.234375, -0.419273, -0.376473), (-0.234375, -0.419273, -0.376473), (0.179688, -0.268392, -0.432477), (-0.179688, -0.268392, -0.432477), (0.289062, -0.381004, -0.734531), (-0.289062, -0.381004, -0.734531), (0.250000, -0.397529, -0.524082), (-0.250000, -0.397529, -0.524082), (0.328125, -0.388196, -0.938155), (-0.328125, -0.388196, -0.938155), (0.140625, -0.363480, -0.780677), (-0.140625, -0.363480, -0.780677), (0.125000, -0.364728, -0.561673), (-0.125000, -0.364728, -0.561673), (0.164062, -0.425940, -0.970981), (-0.164062, -0.425940, -0.970981), (0.218750, -0.445619, -0.307326), (-0.218750, -0.445619, -0.307326), (0.210938, -0.486950, -0.254449), (-0.210938, -0.486950, -0.254449), (0.203125, -0.520486, -0.201227), (-0.203125, -0.520486, -0.201227), (0.210938, -0.175678, -0.405137), (-0.210938, -0.175678, -0.405137), (0.296875, 0.250545, -0.309634), (-0.296875, 0.250545, -0.309634), (0.343750, 0.517013, -0.134624), (-0.343750, 0.517013, -0.134624), (0.453125, 0.315917, 0.873997), (-0.453125, 0.315917, 0.873997), (0.453125, 0.000993, 0.922837), (-0.453125, 0.000993, 0.922837), (0.453125, -0.300005, 0.831527), (-0.453125, -0.300005, 0.831527), (0.460938, -0.480853, 0.495213), (-0.460938, -0.480853, 0.495213), (0.726562, -0.382091, 0.382216), (-0.726562, -0.382091, 0.382216), (0.632812, -0.329496, 0.431427), (-0.632812, -0.329496, 0.431427), (0.640625, -0.114028, 0.691050), (-0.640625, -0.114028, 0.691050), (0.796875, -0.178154, 0.547498), (-0.796875, -0.178154, 0.547498), (0.796875, 0.061424, 0.612674), (-0.796875, 0.061424, 0.612674), (0.640625, 0.133695, 0.748760), (-0.640625, 0.133695, 0.748760), (0.640625, 0.386820, 0.689356), (-0.640625, 0.386820, 0.689356), (0.796875, 0.307257, 0.545134), (-0.796875, 0.307257, 0.545134), (0.617188, 0.543523, 0.343814), (-0.617188, 0.543523, 0.343814), (0.484375, 0.517574, 0.037579), (-0.484375, 0.517574, 0.037579), (0.820312, 0.160511, 0.327707), (-0.820312, 0.160511, 0.327707), (0.406250, -0.169121, -0.186276), (-0.406250, -0.169121, -0.186276), (0.429688, 0.191054, -0.194781), (-0.429688, 0.191054, -0.194781), (0.890625, 0.188662, 0.407112), (-0.890625, 0.188662, 0.407112), (0.773438, 0.102698, -0.143794), (-0.773438, 0.102698, -0.143794), (1.039062, 0.303949, -0.096290), (-1.039062, 0.303949, -0.096290), (1.281250, 0.398829, 0.064088), (-1.281250, 0.398829, 0.064088), (1.351562, 0.379832, 0.329152), (-1.351562, 0.379832, 0.329152), (1.234375, 0.371919, 0.516486), (-1.234375, 0.371919, 0.516486), (1.023438, 0.263901, 0.480664), (-1.023438, 0.263901, 0.480664), (1.015625, 0.243092, 0.417233), (-1.015625, 0.243092, 0.417233), (1.187500, 0.343651, 0.444923), (-1.187500, 0.343651, 0.444923), (1.265625, 0.365535, 0.297274), (-1.265625, 0.365535, 0.297274), (1.210938, 0.374428, 0.086520), (-1.210938, 0.374428, 0.086520), (1.031250, 0.277905, -0.034827), (-1.031250, 0.277905, -0.034827), (0.828125, 0.107533, -0.073236), (-0.828125, 0.107533, -0.073236), (0.921875, 0.175033, 0.359618), (-0.921875, 0.175033, 0.359618), (0.945312, 0.247666, 0.307957), (-0.945312, 0.247666, 0.307957), (0.882812, 0.183602, -0.023143), (-0.882812, 0.183602, -0.023143), (1.039062, 0.338696, 0.006823), (-1.039062, 0.338696, 0.006823), (1.187500, 0.412794, 0.103773), (-1.187500, 0.412794, 0.103773), (1.234375, 0.406207, 0.259887), (-1.234375, 0.406207, 0.259887), (1.171875, 0.393780, 0.368840), (-1.171875, 0.393780, 0.368840), (1.023438, 0.316341, 0.349946), (-1.023438, 0.316341, 0.349946), (0.843750, 0.170068, 0.289023), (-0.843750, 0.170068, 0.289023), (0.835938, 0.237705, 0.174607), (-0.835938, 0.237705, 0.174607), (0.757812, 0.241067, 0.096554), (-0.757812, 0.241067, 0.096554), (0.820312, 0.241404, 0.088749), (-0.820312, 0.241404, 0.088749), (0.843750, 0.244375, 0.018501), (-0.843750, 0.244375, 0.018501), (0.812500, 0.245702, -0.012721), (-0.812500, 0.245702, -0.012721), (0.726562, 0.042079, -0.005637), (-0.726562, 0.042079, -0.005637), (0.718750, 0.144602, -0.024770), (-0.718750, 0.144602, -0.024770), (0.718750, 0.157539, 0.038313), (-0.718750, 0.157539, 0.038313), (0.796875, 0.173854, 0.203182), (-0.796875, 0.173854, 0.203182), (0.890625, 0.226860, 0.244523), (-0.890625, 0.226860, 0.244523), (0.890625, 0.281903, 0.239026), (-0.890625, 0.281903, 0.239026), (0.812500, 0.292526, -0.010755), (-0.812500, 0.292526, -0.010755), (0.851562, 0.291207, 0.020467), (-0.851562, 0.291207, 0.020467), (0.828125, 0.288559, 0.082912), (-0.828125, 0.288559, 0.082912), (0.765625, 0.287896, 0.098524), (-0.765625, 0.287896, 0.098524), (0.843750, 0.284570, 0.176580), (-0.843750, 0.284570, 0.176580), (1.039062, 0.371657, 0.336635), (-1.039062, 0.371657, 0.336635), (1.187500, 0.441276, 0.355199), (-1.187500, 0.441276, 0.355199), (1.257812, 0.453367, 0.254053), (-1.257812, 0.453367, 0.254053), (1.210938, 0.452143, 0.097610), (-1.210938, 0.452143, 0.097610), (1.046875, 0.393323, 0.009121), (-1.046875, 0.393323, 0.009121), (0.882812, 0.237898, -0.013048), (-0.882812, 0.237898, -0.013048), (0.953125, 0.303019, 0.294651), (-0.953125, 0.303019, 0.294651), (0.890625, 0.295040, 0.114464), (-0.890625, 0.295040, 0.114464), (0.937500, 0.304835, 0.067957), (-0.937500, 0.304835, 0.067957), (1.000000, 0.333411, 0.131716), (-1.000000, 0.333411, 0.131716), (0.960938, 0.315810, 0.177894), (-0.960938, 0.315810, 0.177894), (1.015625, 0.336587, 0.241325), (-1.015625, 0.336587, 0.241325), (1.054688, 0.346382, 0.194818), (-1.054688, 0.346382, 0.194818), (1.109375, 0.353200, 0.218564), (-1.109375, 0.353200, 0.218564), (1.085938, 0.350560, 0.281009), (-1.085938, 0.350560, 0.281009), (1.023438, 0.437312, 0.448869), (-1.023438, 0.437312, 0.448869), (1.250000, 0.498461, 0.482715), (-1.250000, 0.498461, 0.482715), (1.367188, 0.458877, 0.309019), (-1.367188, 0.458877, 0.309019), (1.312500, 0.500300, 0.068352), (-1.312500, 0.500300, 0.068352), (1.039062, 0.467209, -0.073806), (-1.039062, 0.467209, -0.073806), (0.789062, 0.304987, -0.119715), (-0.789062, 0.304987, -0.119715), (0.859375, 0.338142, 0.389957), (-0.859375, 0.338142, 0.389957), (-0.356742, 0.681758, -3.392362), (-0.356742, -0.158214, 0.074616), (-0.356742, 1.374002, -3.219298), (-0.356742, 0.530961, 0.263645), (0.356742, 0.681557, -3.392329), (0.356742, -0.158799, 0.074115), (0.356742, 1.374117, -3.219205), (0.356742, 0.530812, 0.263705), (-0.356742, 0.583179, -3.006569), (-0.356742, 0.487084, -2.613026), (-0.356742, 0.405981, -2.222760), (-0.356742, 0.327314, -1.834513), (-0.356742, 0.239729, -1.452529), (-0.356742, 0.142572, -1.069114), (-0.356742, 0.046654, -0.685290), (-0.356742, -0.051807, -0.304289), (-0.356742, 0.638018, -0.122013), (-0.356742, 0.738326, -0.509610), (-0.356742, 0.836538, -0.896587), (-0.356742, 0.933827, -1.285074), (-0.356742, 1.024259, -1.683558), (-0.356742, 1.103307, -2.074286), (-0.356742, 1.183333, -2.457691), (-0.356742, 1.276754, -2.836398), (0.356742, 0.637979, -0.121962), (0.356742, 0.738330, -0.509593), (0.356742, 0.836546, -0.896576), (0.356742, 0.933827, -1.285074), (0.356742, 1.024259, -1.683559), (0.356742, 1.103306, -2.074286), (0.356742, 1.183332, -2.457690), (0.356742, 1.276761, -2.836388), (0.356742, -0.051854, -0.304432), (0.356742, 0.046675, -0.685307), (0.356742, 0.142571, -1.069114), (0.356742, 0.239729, -1.452529), (0.356742, 0.327314, -1.834513), (0.356742, 0.405982, -2.222759), (0.356742, 0.487084, -2.613023), (0.356742, 0.583159, -3.006560)],
            2: [(0.437500, -0.880545, -0.004224), (-0.437500, -0.880545, -0.004224), (0.500000, -0.792083, -0.060986), (-0.500000, -0.792083, -0.060986), (0.546875, -0.677833, -0.081857), (-0.546875, -0.677833, -0.081857), (0.351562, -0.703755, -0.165268), (-0.351562, -0.703755, -0.165268), (0.351562, -0.812821, -0.127715), (-0.351562, -0.812821, -0.127715), (0.351562, -0.890914, -0.037589), (-0.351562, -0.890914, -0.037589), (0.273438, -0.911384, -0.009275), (-0.273438, -0.911384, -0.009275), (0.203125, -0.846052, -0.069824), (-0.203125, -0.846052, -0.069824), (0.156250, -0.747221, -0.093221), (-0.156250, -0.747221, -0.093221), (0.078125, -0.785235, 0.090551), (-0.078125, -0.785235, 0.090551), (0.140625, -0.870042, 0.076662), (-0.140625, -0.870042, 0.076662), (0.242188, -0.924011, 0.067823), (-0.242188, -0.924011, 0.067823), (0.273438, -0.937900, 0.152631), (-0.273438, -0.937900, 0.152631), (0.203125, -0.894033, 0.223148), (-0.203125, -0.894033, 0.223148), (0.156250, -0.809092, 0.284559), (-0.156250, -0.809092, 0.284559), (0.351562, -0.790879, 0.366707), (-0.351562, -0.790879, 0.366707), (0.351562, -0.881005, 0.288615), (-0.351562, -0.881005, 0.288615), (0.351562, -0.927531, 0.185995), (-0.351562, -0.927531, 0.185995), (0.437500, -0.907061, 0.157682), (-0.437500, -0.907061, 0.157682), (0.500000, -0.840064, 0.231986), (-0.500000, -0.840064, 0.231986), (0.546875, -0.739703, 0.295923), (-0.546875, -0.739703, 0.295923), (0.625000, -0.692717, 0.105703), (-0.625000, -0.692717, 0.105703), (0.562500, -0.800654, 0.088026), (-0.562500, -0.800654, 0.088026), (0.468750, -0.885462, 0.074137), (-0.468750, -0.885462, 0.074137), (0.476562, -0.900882, 0.071612), (-0.476562, -0.900882, 0.071612), (0.445312, -0.923743, 0.162866), (-0.445312, -0.923743, 0.162866), (0.351562, -0.953186, 0.197627), (-0.351562, -0.953186, 0.197627), (0.265625, -0.962292, 0.156553), (-0.265625, -0.962292, 0.156553), (0.226562, -0.947140, 0.064035), (-0.226562, -0.947140, 0.064035), (0.265625, -0.933251, -0.020772), (-0.265625, -0.933251, -0.020772), (0.351562, -0.954850, 0.062772), (-0.351562, -0.954850, 0.062772), (0.351562, -0.911518, -0.056796), (-0.351562, -0.911518, -0.056796), (0.445312, -0.894702, -0.014459), (-0.445312, -0.894702, -0.014459), (-0.000000, -0.900347, 0.261697), (-0.000000, -0.964818, 0.171973), (-0.000000, -0.716062, -0.824821), (-0.000000, -0.817821, -0.478913), (-0.000000, -0.854133, -0.351734), (-0.000000, -0.686243, -0.914813), (-0.000000, -0.757782, 0.261295), (-0.000000, -0.753459, 0.428252), (-0.000000, 0.296009, 0.932625), (-0.000000, 0.657613, 0.647334), (-0.000000, 0.714082, 0.154655), (-0.000000, 0.312087, -0.366970), (0.203125, -0.622517, -0.313392), (-0.203125, -0.622517, -0.313392), (0.312500, -0.591448, -0.560189), (-0.312500, -0.591448, -0.560189), (0.351562, -0.551825, -0.814458), (-0.351562, -0.551825, -0.814458), (0.367188, -0.483267, -1.001251), (-0.367188, -0.483267, -1.001251), (0.328125, -0.467158, -1.054047), (-0.328125, -0.467158, -1.054047), (0.179688, -0.494415, -1.082008), (-0.179688, -0.494415, -1.082008), (-0.000000, -0.515149, -1.101061), (0.437500, -0.599273, -0.263650), (-0.437500, -0.599273, -0.263650), (0.632812, -0.623585, -0.166407), (-0.632812, -0.623585, -0.166407), (0.828125, -0.561864, 0.032214), (-0.828125, -0.561864, 0.032214), (0.859375, -0.753860, 0.285687), (-0.859375, -0.753860, 0.285687), (0.710938, -0.793538, 0.334605), (-0.710938, -0.793538, 0.334605), (0.492188, -0.874156, 0.440150), (-0.492188, -0.874156, 0.440150), (0.320312, -0.945669, 0.586770), (-0.320312, -0.945669, 0.586770), (0.156250, -0.962485, 0.544434), (-0.156250, -0.962485, 0.544434), (0.062500, -0.918157, 0.322112), (-0.062500, -0.918157, 0.322112), (0.164062, -0.928660, 0.241226), (-0.164062, -0.928660, 0.241226), (0.125000, -0.903273, 0.134552), (-0.125000, -0.903273, 0.134552), (0.203125, -0.845753, -0.069009), (-0.203125, -0.845753, -0.069009), (0.375000, -0.794188, -0.138399), (-0.375000, -0.794188, -0.138399), (0.492188, -0.771053, -0.087786), (-0.492188, -0.771053, -0.087786), (0.625000, -0.768638, 0.037940), (-0.625000, -0.768638, 0.037940), (0.640625, -0.786363, 0.145782), (-0.640625, -0.786363, 0.145782), (0.601562, -0.814410, 0.220355), (-0.601562, -0.814410, 0.220355), (0.429688, -0.878479, 0.273194), (-0.429688, -0.878479, 0.273194), (0.250000, -0.922079, 0.297720), (-0.250000, -0.922079, 0.297720), (-0.000000, -0.702868, -0.909533), (0.109375, -0.710092, -0.863254), (-0.109375, -0.710092, -0.863254), (0.117188, -0.668980, -0.975171), (-0.117188, -0.668980, -0.975171), (0.062500, -0.646367, -1.018995), (-0.062500, -0.646367, -1.018995), (-0.000000, -0.637456, -1.025495), (-0.000000, -0.806656, -0.352401), (-0.000000, -0.807638, -0.297592), (0.101562, -0.806344, -0.304903), (-0.101562, -0.806344, -0.304903), (0.125000, -0.801643, -0.382090), (-0.125000, -0.801643, -0.382090), (0.085938, -0.784127, -0.441902), (-0.085938, -0.784127, -0.441902), (0.398438, -0.753199, -0.194442), (-0.398438, -0.753199, -0.194442), (0.617188, -0.723647, -0.088283), (-0.617188, -0.723647, -0.088283), (0.726562, -0.724953, 0.060841), (-0.726562, -0.724953, 0.060841), (0.742188, -0.806700, 0.221617), (-0.742188, -0.806700, 0.221617), (0.687500, -0.882401, 0.248803), (-0.687500, -0.882401, 0.248803), (0.437500, -0.973255, 0.368505), (-0.437500, -0.973255, 0.368505), (0.312500, -1.026956, 0.454709), (-0.312500, -1.026956, 0.454709), (0.203125, -1.038587, 0.429054), (-0.203125, -1.038587, 0.429054), (0.101562, -1.000573, 0.245282), (-0.101562, -1.000573, 0.245282), (0.125000, -0.883348, -0.270833), (-0.125000, -0.883348, -0.270833), (0.210938, -0.729046, -0.590189), (-0.210938, -0.729046, -0.590189), (0.250000, -0.666255, -0.840475), (-0.250000, -0.666255, -0.840475), (0.265625, -0.625139, -0.952430), (-0.265625, -0.625139, -0.952430), (0.234375, -0.579910, -1.040112), (-0.234375, -0.579910, -1.040112), (0.164062, -0.577506, -1.055545), (-0.164062, -0.577506, -1.055545), (-0.000000, -0.582813, -1.072188), (-0.000000, -0.822811, -0.112817), (-0.000000, -0.888121, 0.042035), (0.328125, -0.907922, 0.307955), (-0.328125, -0.907922, 0.307955), (0.164062, -0.861255, -0.024625), (-0.164062, -0.861255, -0.024625), (0.132812, -0.880411, 0.043297), (-0.132812, -0.880411, 0.043297), (0.117188, -0.714887, -0.832458), (-0.117188, -0.714887, -0.832458), (0.078125, -0.767585, -0.596510), (-0.078125, -0.767585, -0.596510), (-0.000000, -0.767579, -0.596552), (-0.000000, -0.778036, -0.480294), (0.093750, -0.825144, -0.432871), (-0.093750, -0.825144, -0.432871), (0.132812, -0.847936, -0.389579), (-0.132812, -0.847936, -0.389579), (0.109375, -0.847339, -0.295398), (-0.109375, -0.847339, -0.295398), (0.039062, -0.848603, -0.287895), (-0.039062, -0.848603, -0.287895), (-0.000000, -0.882494, -0.371677), (0.046875, -0.875716, -0.315648), (-0.046875, -0.875716, -0.315648), (0.093750, -0.874470, -0.323238), (-0.093750, -0.874470, -0.323238), (0.109375, -0.878796, -0.394566), (-0.109375, -0.878796, -0.394566), (0.078125, -0.851966, -0.413746), (-0.078125, -0.851966, -0.413746), (-0.000000, -0.845844, -0.451940), (0.257812, -0.595312, -0.434783), (-0.257812, -0.595312, -0.434783), (0.164062, -0.760592, -0.390863), (-0.164062, -0.760592, -0.390863), (0.179688, -0.749615, -0.459768), (-0.179688, -0.749615, -0.459768), (0.234375, -0.605022, -0.373418), (-0.234375, -0.605022, -0.373418), (-0.000000, -0.639846, -1.010087), (0.046875, -0.641040, -1.002386), (-0.046875, -0.641040, -1.002386), (0.093750, -0.671371, -0.959768), (-0.093750, -0.671371, -0.959768), (0.093750, -0.698778, -0.885156), (-0.093750, -0.698778, -0.885156), (-0.000000, -0.623344, -0.912821), (0.093750, -0.635873, -0.883171), (-0.093750, -0.635873, -0.883171), (0.093750, -0.603117, -0.941236), (-0.093750, -0.603117, -0.941236), (0.046875, -0.589399, -0.978584), (-0.046875, -0.589399, -0.978584), (-0.000000, -0.588199, -0.986292), (0.171875, -0.904803, 0.047219), (-0.171875, -0.904803, 0.047219), (0.187500, -0.886956, -0.013108), (-0.187500, -0.886956, -0.013108), (0.335938, -0.915766, 0.259171), (-0.335938, -0.915766, 0.259171), (0.273438, -0.929923, 0.248936), (-0.273438, -0.929923, 0.248936), (0.421875, -0.926135, 0.225807), (-0.421875, -0.926135, 0.225807), (0.562500, -0.841461, 0.192175), (-0.562500, -0.841461, 0.192175), (0.585938, -0.823650, 0.131759), (-0.585938, -0.823650, 0.131759), (0.578125, -0.800699, 0.040685), (-0.578125, -0.800699, 0.040685), (0.476562, -0.823658, -0.056957), (-0.476562, -0.823658, -0.056957), (0.375000, -0.840394, -0.098871), (-0.375000, -0.840394, -0.098871), (0.226562, -0.886834, -0.059915), (-0.226562, -0.886834, -0.059915), (0.179688, -0.917430, 0.124316), (-0.179688, -0.917430, 0.124316), (0.210938, -0.930056, 0.201415), (-0.210938, -0.930056, 0.201415), (0.234375, -0.904402, 0.189783), (-0.234375, -0.904402, 0.189783), (0.195312, -0.894300, 0.128105), (-0.195312, -0.894300, 0.128105), (0.242188, -0.866198, -0.040675), (-0.242188, -0.866198, -0.040675), (0.375000, -0.828777, -0.073393), (-0.375000, -0.828777, -0.073393), (0.460938, -0.810768, -0.039096), (-0.460938, -0.810768, -0.039096), (0.546875, -0.795539, 0.057312), (-0.546875, -0.795539, 0.057312), (0.554688, -0.806967, 0.126575), (-0.554688, -0.806967, 0.126575), (0.531250, -0.823516, 0.179281), (-0.531250, -0.823516, 0.179281), (0.414062, -0.901743, 0.221885), (-0.414062, -0.901743, 0.221885), (0.281250, -0.918425, 0.227069), (-0.281250, -0.918425, 0.227069), (0.335938, -0.904268, 0.237304), (-0.335938, -0.904268, 0.237304), (0.203125, -0.866388, 0.006011), (-0.203125, -0.866388, 0.006011), (0.195312, -0.875227, 0.059979), (-0.195312, -0.875227, 0.059979), (0.109375, -0.774331, 0.314001), (-0.109375, -0.774331, 0.314001), (0.195312, -0.814870, 0.513193), (-0.195312, -0.814870, 0.513193), (0.335938, -0.795529, 0.540111), (-0.335938, -0.795529, 0.540111), (0.484375, -0.735514, 0.415357), (-0.484375, -0.735514, 0.415357), (0.679688, -0.657421, 0.325232), (-0.679688, -0.657421, 0.325232), (0.796875, -0.619006, 0.284024), (-0.796875, -0.619006, 0.284024), (0.773438, -0.494827, 0.059232), (-0.773438, -0.494827, 0.059232), (0.601562, -0.506188, -0.107341), (-0.601562, -0.506188, -0.107341), (0.437500, -0.544863, -0.207225), (-0.437500, -0.544863, -0.207225), (-0.000000, -0.528939, 0.797519), (-0.000000, -0.180468, 0.941672), (-0.000000, 0.601457, -0.134243), (-0.000000, -0.210287, -0.521811), (-0.000000, -0.400728, -1.075195), (-0.000000, -0.311572, -0.887181), (-0.000000, -0.324563, -0.651431), (-0.000000, -0.299181, -0.560001), (0.851562, -0.189463, 0.180627), (-0.851562, -0.189463, 0.180627), (0.859375, -0.102950, 0.281737), (-0.859375, -0.102950, 0.281737), (0.773438, 0.294245, 0.289948), (-0.773438, 0.294245, 0.289948), (0.460938, 0.530126, 0.500960), (-0.460938, 0.530126, 0.500960), (0.734375, -0.158500, -0.097915), (-0.734375, -0.158500, -0.097915), (0.593750, 0.085868, -0.138084), (-0.593750, 0.085868, -0.138084), (0.640625, 0.330002, 0.018501), (-0.640625, 0.330002, 0.018501), (0.335938, 0.552961, 0.115606), (-0.335938, 0.552961, 0.115606), (0.234375, -0.442685, -0.449488), (-0.234375, -0.442685, -0.449488), (0.179688, -0.286599, -0.487303), (-0.179688, -0.286599, -0.487303), (0.289062, -0.364398, -0.800749), (-0.289062, -0.364398, -0.800749), (0.250000, -0.404498, -0.593518), (-0.250000, -0.404498, -0.593518), (0.328125, -0.348561, -1.003896), (-0.328125, -0.348561, -1.003896), (0.140625, -0.341878, -0.844501), (-0.140625, -0.341878, -0.844501), (0.125000, -0.367815, -0.626772), (-0.125000, -0.367815, -0.626772), (0.164062, -0.382384, -1.040721), (-0.164062, -0.382384, -1.040721), (0.218750, -0.476672, -0.384143), (-0.218750, -0.476672, -0.384143), (0.210938, -0.523762, -0.336686), (-0.210938, -0.523762, -0.336686), (0.203125, -0.563183, -0.287949), (-0.203125, -0.563183, -0.287949), (0.210938, -0.197551, -0.449580), (-0.210938, -0.197551, -0.449580), (0.296875, 0.215515, -0.307597), (-0.296875, 0.215515, -0.307597), (0.343750, 0.460686, -0.104347), (-0.343750, 0.460686, -0.104347), (0.453125, 0.139154, 0.875269), (-0.453125, 0.139154, 0.875269), (0.453125, -0.179339, 0.886441), (-0.453125, -0.179339, 0.886441), (0.453125, -0.467394, 0.760099), (-0.453125, -0.467394, 0.760099), (0.460938, -0.607107, 0.404721), (-0.460938, -0.607107, 0.404721), (0.726562, -0.495649, 0.304226), (-0.726562, -0.495649, 0.304226), (0.632812, -0.449257, 0.359324), (-0.632812, -0.449257, 0.359324), (0.640625, -0.266078, 0.642654), (-0.640625, -0.266078, 0.642654), (0.796875, -0.312738, 0.492514), (-0.796875, -0.312738, 0.492514), (0.796875, -0.082574, 0.585625), (-0.796875, -0.082574, 0.585625), (0.640625, -0.026941, 0.729317), (-0.640625, -0.026941, 0.729318), (0.640625, 0.232274, 0.700282), (-0.640625, 0.232274, 0.700282), (0.796875, 0.170838, 0.547704), (-0.796875, 0.170838, 0.547704), (0.617188, 0.431406, 0.374723), (-0.617188, 0.431406, 0.374723), (0.484375, 0.441455, 0.067166), (-0.484375, 0.441455, 0.067166), (0.820312, 0.051358, 0.314750), (-0.820312, 0.051358, 0.314750), (0.406250, -0.215631, -0.232394), (-0.406250, -0.215631, -0.232394), (0.429688, 0.143475, -0.200129), (-0.429688, 0.143475, -0.200129), (0.890625, 0.070808, 0.396977), (-0.890625, 0.070808, 0.396977), (0.773438, 0.049354, -0.159743), (-0.773438, 0.049354, -0.159743), (1.039062, 0.243672, -0.089712), (-1.039062, 0.243672, -0.089712), (1.281250, 0.319488, 0.080425), (-1.281250, 0.319488, 0.080425), (1.351562, 0.270214, 0.341520), (-1.351562, 0.270214, 0.341520), (1.234375, 0.240827, 0.526675), (-1.234375, 0.240827, 0.526675), (1.023438, 0.137496, 0.478716), (-1.023438, 0.137496, 0.478716), (1.015625, 0.124036, 0.413326), (-1.015625, 0.124036, 0.413326), (1.187500, 0.220938, 0.452363), (-1.187500, 0.220938, 0.452363), (1.265625, 0.259662, 0.308223), (-1.265625, 0.259662, 0.308223), (1.210938, 0.292686, 0.099915), (-1.210938, 0.292686, 0.099915), (1.031250, 0.210770, -0.031638), (-1.031250, 0.210770, -0.031638), (0.828125, 0.046045, -0.089171), (-0.828125, 0.046045, -0.089171), (0.921875, 0.062740, 0.348239), (-0.921875, 0.062740, 0.348239), (0.945312, 0.141017, 0.305315), (-0.945312, 0.141017, 0.305315), (0.882812, 0.115822, -0.030781), (-0.882812, 0.115822, -0.030781), (1.039062, 0.266350, 0.016671), (-1.039062, 0.266350, 0.016671), (1.187500, 0.328803, 0.121439), (-1.187500, 0.328803, 0.121439), (1.234375, 0.304344, 0.275746), (-1.234375, 0.304344, 0.275746), (1.171875, 0.279465, 0.382540), (-1.171875, 0.279465, 0.382540), (1.023438, 0.204603, 0.354908), (-1.023438, 0.204603, 0.354908), (0.843750, 0.065574, 0.277488), (-0.843750, 0.065574, 0.277488), (0.835938, 0.146572, 0.171746), (-0.835938, 0.146572, 0.171746), (0.757812, 0.159054, 0.094632), (-0.757812, 0.159054, 0.094632), (0.820312, 0.160306, 0.086921), (-0.820312, 0.160306, 0.086921), (0.843750, 0.171341, 0.017497), (-0.843750, 0.171341, 0.017497), (0.812500, 0.176266, -0.013356), (-0.812500, 0.176266, -0.013356), (0.726562, -0.026847, -0.029597), (-0.726562, -0.026847, -0.029597), (0.718750, 0.077349, -0.036815), (-0.718750, 0.077349, -0.036815), (0.718750, 0.082850, 0.027262), (-0.718750, 0.082850, 0.027262), (0.796875, 0.079633, 0.192750), (-0.796875, 0.079633, 0.192750), (0.890625, 0.127570, 0.239917), (-0.890625, 0.127570, 0.239917), (0.890625, 0.183073, 0.240796), (-0.890625, 0.183073, 0.240796), (0.812500, 0.222524, -0.006061), (-0.812500, 0.222524, -0.006061), (0.851562, 0.217626, 0.024799), (-0.851562, 0.217626, 0.024799), (0.828125, 0.207792, 0.086516), (-0.828125, 0.207792, 0.086516), (0.765625, 0.205329, 0.101945), (-0.765625, 0.205329, 0.101945), (0.843750, 0.192976, 0.179086), (-0.843750, 0.192976, 0.179086), (1.039062, 0.261125, 0.348027), (-1.039062, 0.261125, 0.348027), (1.187500, 0.328217, 0.374429), (-1.187500, 0.328217, 0.374429), (1.257812, 0.351846, 0.275349), (-1.257812, 0.351846, 0.275349), (1.210938, 0.368573, 0.119823), (-1.210938, 0.368573, 0.119823), (1.046875, 0.320310, 0.025201), (-1.046875, 0.320310, 0.025201), (0.882812, 0.168557, -0.014571), (-0.882812, 0.168557, -0.014571), (0.953125, 0.197675, 0.298464), (-0.953125, 0.197675, 0.298464), (0.890625, 0.210587, 0.118593), (-0.890625, 0.210587, 0.118593), (0.937500, 0.225692, 0.073523), (-0.937500, 0.225692, 0.073523), (1.000000, 0.246723, 0.140118), (-1.000000, 0.246723, 0.140118), (0.960938, 0.223903, 0.183969), (-0.960938, 0.223903, 0.183969), (1.015625, 0.237248, 0.249347), (-1.015625, 0.237248, 0.249347), (1.054688, 0.252350, 0.204277), (-1.054688, 0.252350, 0.204277), (1.109375, 0.256400, 0.228641), (-1.109375, 0.256400, 0.228641), (1.085938, 0.246592, 0.290359), (-1.085938, 0.246592, 0.290359), (1.023438, 0.313496, 0.467013), (-1.023438, 0.313496, 0.467013), (1.250000, 0.370405, 0.507622), (-1.250000, 0.370405, 0.507622), (1.367188, 0.351039, 0.330568), (-1.367188, 0.351039, 0.330568), (1.312500, 0.419779, 0.096258), (-1.312500, 0.419779, 0.096258), (1.039062, 0.403253, -0.048761), (-1.039062, 0.403253, -0.048761), (0.789062, 0.247529, -0.112874), (-0.789062, 0.247529, -0.112874), (0.859375, 0.221750, 0.397142), (-0.859375, 0.221750, 0.397142), (-0.356742, 0.670999, -3.408545), (-0.356742, -0.230991, 0.031094), (-0.356742, 1.355542, -3.207795), (-0.356742, 0.437768, 0.290443), (0.356742, 0.670235, -3.408408), (0.356742, -0.233026, 0.029049), (0.356742, 1.355985, -3.207447), (0.356742, 0.437196, 0.290626), (-0.356742, 0.550305, -3.023629), (-0.356742, 0.439489, -2.609342), (-0.356742, 0.385562, -2.208348), (-0.356742, 0.340785, -1.815166), (-0.356742, 0.261744, -1.445213), (-0.356742, 0.146447, -1.069217), (-0.356742, 0.036039, -0.691438), (-0.356742, -0.082948, -0.325065), (-0.356742, 0.590268, -0.090747), (-0.356742, 0.718136, -0.481206), (-0.356742, 0.837704, -0.870744), (-0.356742, 0.953310, -1.266088), (-0.356742, 1.042098, -1.698887), (-0.356742, 1.088128, -2.101501), (-0.356742, 1.138318, -2.476298), (-0.356742, 1.239760, -2.833963), (0.356742, 0.590106, -0.090566), (0.356742, 0.718144, -0.481141), (0.356742, 0.837731, -0.870701), (0.356742, 0.953311, -1.266089), (0.356742, 1.042097, -1.698889), (0.356742, 1.088127, -2.101501), (0.356742, 1.138318, -2.476294), (0.356742, 1.239786, -2.833925), (0.356742, -0.083080, -0.325614), (0.356742, 0.036127, -0.691494), (0.356742, 0.146446, -1.069217), (0.356742, 0.261744, -1.445213), (0.356742, 0.340785, -1.815166), (0.356742, 0.385564, -2.208344), (0.356742, 0.439487, -2.609332), (0.356742, 0.550231, -3.023592)],
            3: [(0.437500, -0.954237, -0.216296), (-0.437500, -0.954237, -0.216296), (0.500000, -0.857188, -0.256655), (-0.500000, -0.857188, -0.256655), (0.546875, -0.741048, -0.257156), (-0.546875, -0.741048, -0.257156), (0.351562, -0.751933, -0.343822), (-0.351562, -0.751933, -0.343822), (0.351562, -0.865896, -0.325988), (-0.351562, -0.865896, -0.325988), (0.351562, -0.958591, -0.250962), (-0.351562, -0.958591, -0.250962), (0.273438, -0.983712, -0.226680), (-0.273438, -0.983712, -0.226680), (0.203125, -0.908769, -0.274826), (-0.203125, -0.908769, -0.274826), (0.156250, -0.807366, -0.280519), (-0.156250, -0.807366, -0.280519), (0.078125, -0.877035, -0.106268), (-0.078125, -0.877035, -0.106268), (0.140625, -0.958090, -0.134822), (-0.140625, -0.958090, -0.134822), (0.242188, -1.009671, -0.152993), (-0.242188, -1.009671, -0.152993), (0.273438, -1.038225, -0.071939), (-0.273438, -1.038225, -0.071939), (0.203125, -1.007412, 0.005182), (-0.203125, -1.007412, 0.005182), (0.156250, -0.934563, 0.080544), (-0.156250, -0.934563, 0.080544), (0.351562, -0.931047, 0.164613), (-0.351562, -0.931047, 0.164613), (0.351562, -1.006073, 0.071918), (-0.351562, -1.006073, 0.071918), (0.351562, -1.033871, -0.037272), (-0.351562, -1.033871, -0.037272), (0.437500, -1.008751, -0.061555), (-0.437500, -1.008751, -0.061555), (0.500000, -0.955831, 0.023353), (-0.500000, -0.955831, 0.023353), (0.546875, -0.868245, 0.103907), (-0.546875, -0.868245, 0.103907), (0.625000, -0.788612, -0.075117), (-0.625000, -0.788612, -0.075117), (0.562500, -0.891772, -0.111459), (-0.562500, -0.891772, -0.111459), (0.468750, -0.972827, -0.140014), (-0.468750, -0.972827, -0.140014), (0.476562, -0.987565, -0.145206), (-0.476562, -0.987565, -0.145206), (0.445312, -1.026083, -0.059378), (-0.445312, -1.026083, -0.059378), (0.351562, -1.061169, -0.030323), (-0.351562, -1.061169, -0.030323), (0.265625, -1.062927, -0.072357), (-0.265625, -1.062927, -0.072357), (0.226562, -1.031776, -0.160781), (-0.226562, -1.031776, -0.160781), (0.265625, -1.003222, -0.241836), (-0.265625, -1.003222, -0.241836), (0.351562, -1.039145, -0.163377), (-0.351562, -1.039145, -0.163377), (0.351562, -0.975505, -0.273487), (-0.351562, -0.975505, -0.273487), (0.445312, -0.966379, -0.228856), (-0.445312, -0.966379, -0.228856), (-0.000000, -1.020391, 0.042024), (-0.000000, -1.068118, -0.057620), (-0.000000, -0.651824, -0.987789), (-0.000000, -0.809774, -0.666199), (-0.000000, -0.867110, -0.548820), (-0.000000, -0.607504, -1.071207), (-0.000000, -0.879968, 0.066644), (-0.000000, -0.905007, 0.231769), (-0.000000, 0.039680, 0.912461), (-0.000000, 0.453239, 0.692209), (-0.000000, 0.595566, 0.213594), (-0.000000, 0.285722, -0.368009), (0.203125, -0.645494, -0.469902), (-0.203125, -0.645494, -0.469902), (0.312500, -0.573476, -0.706239), (-0.312500, -0.573476, -0.706239), (0.351562, -0.492114, -0.949590), (-0.351562, -0.492114, -0.949590), (0.367188, -0.393530, -1.121965), (-0.367188, -0.393530, -1.121965), (0.328125, -0.368884, -1.171247), (-0.328125, -0.368884, -1.171247), (0.179688, -0.391054, -1.203332), (-0.179688, -0.391054, -1.203332), (0.000000, -0.408278, -1.225564), (0.437500, -0.631246, -0.418578), (-0.437500, -0.631246, -0.418578), (0.632812, -0.672324, -0.329017), (-0.632812, -0.672324, -0.329017), (0.828125, -0.646840, -0.124404), (-0.828125, -0.646840, -0.124404), (0.859375, -0.880387, 0.091347), (-0.859375, -0.880387, 0.091347), (0.710938, -0.928033, 0.132543), (-0.710938, -0.928033, 0.132543), (0.492188, -1.025920, 0.222306), (-0.492188, -1.025920, 0.222306), (0.320312, -1.122049, 0.354103), (-0.320312, -1.122049, 0.354103), (0.156250, -1.131175, 0.309472), (-0.156250, -1.131175, 0.309472), (0.062500, -1.048526, 0.098377), (-0.062500, -1.048526, 0.098377), (0.164062, -1.044674, 0.016904), (-0.164062, -1.044674, 0.016904), (0.125000, -1.000963, -0.083661), (-0.125000, -1.000963, -0.083661), (0.203125, -0.908348, -0.273055), (-0.203125, -0.908348, -0.273055), (0.375000, -0.845080, -0.330758), (-0.375000, -0.845080, -0.330758), (0.492188, -0.831275, -0.277646), (-0.492188, -0.831275, -0.277646), (0.625000, -0.851419, -0.155042), (-0.625000, -0.851419, -0.155042), (0.640625, -0.887838, -0.052092), (-0.640625, -0.887838, -0.052092), (0.601562, -0.928533, 0.016403), (-0.601562, -0.928533, 0.016403), (0.429688, -1.000881, 0.057181), (-0.429688, -1.000881, 0.057181), (0.250000, -1.048108, 0.073676), (-0.250000, -1.048108, 0.073676), (-0.000000, -0.624742, -1.068815), (0.109375, -0.639589, -1.024476), (-0.109375, -0.639589, -1.024476), (0.117188, -0.580526, -1.127576), (-0.117188, -0.580526, -1.127576), (0.062500, -0.550988, -1.166879), (-0.062500, -0.550988, -1.166879), (0.000000, -0.541139, -1.171777), (-0.000000, -0.820261, -0.541735), (-0.000000, -0.830654, -0.488403), (0.101562, -0.828091, -0.494933), (-0.101562, -0.828091, -0.494933), (0.125000, -0.810243, -0.568824), (-0.125000, -0.810243, -0.568824), (0.085938, -0.782871, -0.623990), (-0.085938, -0.782871, -0.623990), (0.398438, -0.794882, -0.378092), (-0.398438, -0.794882, -0.378092), (0.617188, -0.784619, -0.270223), (-0.617188, -0.784619, -0.270223), (0.726562, -0.812476, -0.124940), (-0.726562, -0.812476, -0.124940), (0.742188, -0.921165, 0.018999), (-0.742188, -0.921165, 0.018999), (0.687500, -1.000462, 0.032480), (-0.687500, -1.000462, 0.032480), (0.437500, -1.110909, 0.134383), (-0.437500, -1.110909, 0.134383), (0.312500, -1.178903, 0.209827), (-0.312500, -1.178903, 0.209827), (0.203125, -1.185852, 0.182530), (-0.203125, -1.185852, 0.182530), (0.101562, -1.116183, 0.008278), (-0.101562, -1.116183, 0.008278), (0.125000, -0.909864, -0.475815), (-0.125000, -0.909864, -0.475815), (0.210938, -0.703801, -0.759443), (-0.210938, -0.703801, -0.759443), (0.250000, -0.600300, -0.994589), (-0.250000, -0.600300, -0.994589), (0.265625, -0.541219, -1.097768), (-0.265625, -0.541219, -1.097768), (0.234375, -0.482129, -1.176445), (-0.234375, -0.482129, -1.176445), (0.164062, -0.477188, -1.191240), (-0.164062, -0.477188, -1.191240), (0.000000, -0.479628, -1.208521), (-0.000000, -0.878129, -0.312242), (-0.000000, -0.969812, -0.172084), (0.328125, -1.035966, 0.086236), (-0.328125, -1.035966, 0.086236), (0.164062, -0.931591, -0.232766), (-0.164062, -0.931591, -0.232766), (0.132812, -0.962444, -0.169489), (-0.132812, -0.962444, -0.169489), (0.117188, -0.649429, -0.995027), (-0.117188, -0.649429, -0.995027), (0.078125, -0.740621, -0.772435), (-0.078125, -0.740621, -0.772435), (-0.000000, -0.740598, -0.772520), (-0.000000, -0.770393, -0.660563), (0.093750, -0.824769, -0.622377), (-0.093750, -0.824769, -0.622377), (0.132812, -0.854547, -0.584226), (-0.132812, -0.854547, -0.584226), (0.109375, -0.870060, -0.492324), (-0.109375, -0.870060, -0.492324), (0.039062, -0.872608, -0.485387), (-0.039062, -0.872608, -0.485387), (-0.000000, -0.891621, -0.572855), (0.046875, -0.894528, -0.517001), (-0.046875, -0.894528, -0.517001), (0.093750, -0.891997, -0.524124), (-0.093750, -0.891997, -0.524124), (0.109375, -0.884081, -0.594481), (-0.109375, -0.884081, -0.594481), (0.078125, -0.854408, -0.608484), (-0.078125, -0.854408, -0.608484), (-0.000000, -0.841917, -0.644636), (0.257812, -0.598238, -0.583914), (-0.257812, -0.598238, -0.583914), (0.164062, -0.768340, -0.569891), (-0.164062, -0.768340, -0.569891), (0.179688, -0.745902, -0.635299), (-0.179688, -0.745902, -0.635299), (0.234375, -0.618112, -0.525520), (-0.234375, -0.618112, -0.525520), (0.000000, -0.546047, -1.157030), (0.046875, -0.548497, -1.149664), (-0.046875, -0.548497, -1.149664), (0.093750, -0.585434, -1.112839), (-0.093750, -0.585434, -1.112839), (0.093750, -0.624808, -1.044104), (-0.093750, -0.624808, -1.044104), (-0.000000, -0.545949, -1.058652), (0.093750, -0.563237, -1.031564), (-0.093750, -0.563237, -1.031564), (0.093750, -0.521310, -1.083206), (-0.093750, -0.521310, -1.083206), (0.046875, -0.501582, -1.117656), (-0.046875, -0.501582, -1.117656), (0.000000, -0.499119, -1.125038), (0.171875, -0.987146, -0.169908), (-0.171875, -0.987146, -0.169908), (0.187500, -0.958957, -0.226067), (-0.187500, -0.958957, -0.226067), (0.335938, -1.035128, 0.036833), (-0.335938, -1.035128, 0.036833), (0.273438, -1.047270, 0.024272), (-0.273438, -1.047270, 0.024272), (0.421875, -1.039482, 0.002167), (-0.421875, -1.039482, 0.002167), (0.562500, -0.950220, -0.016086), (-0.562500, -0.950220, -0.016086), (0.585938, -0.922085, -0.072440), (-0.585938, -0.922085, -0.072440), (0.578125, -0.883425, -0.157867), (-0.578125, -0.883425, -0.157867), (0.476562, -0.888501, -0.256684), (-0.476562, -0.888501, -0.256684), (0.375000, -0.897565, -0.300414), (-0.375000, -0.897565, -0.300414), (0.226562, -0.950395, -0.271323), (-0.226562, -0.950395, -0.271323), (0.179688, -1.013104, -0.096221), (-0.179688, -1.013104, -0.096221), (0.210938, -1.039063, -0.022535), (-0.210938, -1.039063, -0.022535), (0.234375, -1.011765, -0.029485), (-0.234375, -1.011765, -0.029485), (0.195312, -0.990998, -0.088434), (-0.195312, -0.990998, -0.088434), (0.242188, -0.933422, -0.248722), (-0.242188, -0.933422, -0.248722), (0.375000, -0.890601, -0.273489), (-0.375000, -0.890601, -0.273489), (0.460938, -0.878943, -0.236932), (-0.460938, -0.878943, -0.236932), (0.546875, -0.881287, -0.140657), (-0.546875, -0.881287, -0.140657), (0.554688, -0.904752, -0.074616), (-0.554688, -0.904752, -0.074616), (0.531250, -0.930292, -0.025632), (-0.531250, -0.930292, -0.025632), (0.414062, -1.014780, 0.002586), (-0.414062, -1.014780, 0.002586), (0.281250, -1.032113, 0.004763), (-0.281250, -1.032113, 0.004763), (0.335938, -1.019972, 0.017323), (-0.335938, -1.019972, 0.017323), (0.203125, -0.942096, -0.203736), (-0.203125, -0.942096, -0.203736), (0.195312, -0.960267, -0.152156), (-0.195312, -0.960267, -0.152156), (0.109375, -0.905508, 0.115629), (-0.109375, -0.905508, 0.115629), (0.195312, -0.980369, 0.304617), (-0.195312, -0.980369, 0.304617), (0.335938, -0.966051, 0.334511), (-0.335938, -0.966051, 0.334511), (0.484375, -0.885078, 0.222223), (-0.484375, -0.885078, 0.222223), (0.679688, -0.792383, 0.147198), (-0.679688, -0.792383, 0.147198), (0.796875, -0.747333, 0.113370), (-0.796875, -0.747333, 0.113370), (0.773438, -0.585410, -0.085774), (-0.773438, -0.585410, -0.085774), (0.601562, -0.566747, -0.249897), (-0.601562, -0.566747, -0.249897), (0.437500, -0.587247, -0.353388), (-0.437500, -0.587247, -0.353388), (-0.000000, -0.748763, 0.634703), (-0.000000, -0.430992, 0.837763), (-0.000000, 0.533993, -0.092345), (-0.000000, -0.205384, -0.602005), (0.000000, -0.300074, -1.180883), (0.000000, -0.243836, -0.980644), (-0.000000, -0.296102, -0.749970), (-0.000000, -0.286386, -0.655111), (0.851562, -0.305412, 0.087624), (-0.851562, -0.305412, 0.087624), (0.859375, -0.237781, 0.202235), (-0.859375, -0.237781, 0.202235), (0.773438, 0.155034, 0.279171), (-0.773438, 0.155034, 0.279171), (0.460938, 0.352021, 0.526720), (-0.460938, 0.352021, 0.526720), (0.734375, -0.225147, -0.179406), (-0.734375, -0.225147, -0.179406), (0.593750, 0.023040, -0.177089), (-0.593750, 0.023040, -0.177089), (0.640625, 0.237091, 0.017780), (-0.640625, 0.237091, 0.017780), (0.335938, 0.441673, 0.149930), (-0.335938, 0.441673, 0.149930), (0.234375, -0.445580, -0.571784), (-0.234375, -0.445580, -0.571784), (0.179688, -0.285821, -0.581802), (-0.179688, -0.285821, -0.581802), (0.289062, -0.310061, -0.904510), (-0.289062, -0.310061, -0.904510), (0.250000, -0.384053, -0.707045), (-0.250000, -0.384053, -0.707045), (0.328125, -0.260542, -1.102024), (-0.328125, -0.260542, -1.102024), (0.140625, -0.280735, -0.943685), (-0.140625, -0.280735, -0.943685), (0.125000, -0.342637, -0.733110), (-0.125000, -0.342637, -0.733110), (0.164062, -0.287759, -1.143875), (-0.164062, -0.287759, -1.143875), (0.218750, -0.489929, -0.513661), (-0.218750, -0.489929, -0.513661), (0.210938, -0.544274, -0.475398), (-0.210938, -0.544274, -0.475398), (0.203125, -0.591339, -0.434516), (-0.203125, -0.591339, -0.434516), (0.210938, -0.204383, -0.529629), (-0.210938, -0.204383, -0.529629), (0.296875, 0.179511, -0.322269), (-0.296875, 0.179511, -0.322269), (0.343750, 0.387450, -0.082153), (-0.343750, 0.387450, -0.082153), (0.453125, -0.104677, 0.828473), (-0.453125, -0.104677, 0.828473), (0.453125, -0.420189, 0.783587), (-0.453125, -0.420189, 0.783587), (0.453125, -0.681607, 0.608662), (-0.453125, -0.681607, 0.608662), (0.460938, -0.756796, 0.234283), (-0.460938, -0.756796, 0.234283), (0.726562, -0.629435, 0.154904), (-0.726562, -0.629435, 0.154904), (0.632812, -0.593430, 0.217287), (-0.632812, -0.593430, 0.217287), (0.640625, -0.462807, 0.528363), (-0.640625, -0.462807, 0.528363), (0.796875, -0.482399, 0.372365), (-0.796875, -0.482399, 0.372365), (0.796875, -0.272143, 0.504418), (-0.796875, -0.272143, 0.504418), (0.640625, -0.242586, 0.655642), (-0.640625, -0.242586, 0.655642), (0.640625, 0.018957, 0.672562), (-0.640625, 0.018957, 0.672562), (0.796875, -0.014052, 0.511715), (-0.796875, -0.014052, 0.511715), (0.617188, 0.276109, 0.385770), (-0.617188, 0.276109, 0.385770), (0.484375, 0.339299, 0.084083), (-0.484375, 0.339299, 0.084083), (0.820312, -0.090151, 0.261966), (-0.820312, -0.090151, 0.261966), (0.406250, -0.258163, -0.320186), (-0.406250, -0.258163, -0.320186), (0.429688, 0.090639, -0.228321), (-0.429688, 0.090639, -0.228321), (0.890625, -0.084075, 0.346506), (-0.890625, -0.084075, 0.346506), (0.773438, -0.009653, -0.204773), (-0.773438, -0.009653, -0.204773), (1.039062, 0.169656, -0.103200), (-1.039062, 0.169656, -0.103200), (1.281250, 0.215402, 0.077138), (-1.281250, 0.215402, 0.077138), (1.351562, 0.122566, 0.325883), (-1.351562, 0.122566, 0.325883), (1.234375, 0.062147, 0.503207), (-1.234375, 0.062147, 0.503207), (1.023438, -0.031694, 0.438443), (-1.023438, -0.031694, 0.438443), (1.015625, -0.033952, 0.371759), (-1.015625, -0.033952, 0.371759), (1.187500, 0.055142, 0.426669), (-1.187500, 0.055142, 0.426669), (1.265625, 0.117815, 0.291312), (-1.265625, 0.117815, 0.291312), (1.210938, 0.185712, 0.091796), (-1.210938, 0.185712, 0.091796), (1.031250, 0.127423, -0.051575), (-1.031250, 0.127423, -0.051575), (0.828125, -0.024908, -0.135937), (-0.828125, -0.024908, -0.135937), (0.921875, -0.083717, 0.297143), (-0.921875, -0.083717, 0.297143), (0.945312, 0.000956, 0.268273), (-0.945312, 0.000956, 0.268273), (0.882812, 0.033859, -0.066737), (-0.882812, 0.033859, -0.066737), (1.039062, 0.173924, 0.005377), (-1.039062, 0.173924, 0.005377), (1.187500, 0.217611, 0.119101), (-1.187500, 0.217611, 0.119101), (1.234375, 0.167321, 0.266901), (-1.234375, 0.167321, 0.266901), (1.171875, 0.124640, 0.367841), (-1.171875, 0.124640, 0.367841), (1.023438, 0.055439, 0.327937), (-1.023438, 0.055439, 0.327937), (0.843750, -0.069406, 0.227817), (-0.843750, -0.069406, 0.227817), (0.835938, 0.029320, 0.137740), (-0.835938, 0.029320, 0.137740), (0.757812, 0.054982, 0.063984), (-0.757812, 0.054982, 0.063984), (0.820312, 0.057555, 0.056610), (-0.820312, 0.057555, 0.056610), (0.843750, 0.080241, -0.009865), (-0.843750, 0.080241, -0.009865), (0.812500, 0.090367, -0.039399), (-0.812500, 0.090367, -0.039399), (0.726562, -0.106978, -0.089752), (-0.726562, -0.106978, -0.089752), (0.718750, -0.002896, -0.079115), (-0.718750, -0.002896, -0.079115), (0.718750, -0.008513, -0.015193), (-0.718750, -0.008513, -0.015193), (0.796875, -0.040516, 0.146948), (-0.796875, -0.040516, 0.146948), (0.890625, -0.001272, 0.201573), (-0.890625, -0.001273, 0.201573), (0.890625, 0.053531, 0.211922), (-0.890625, 0.053531, 0.211922), (0.812500, 0.134647, -0.024409), (-0.812500, 0.134647, -0.024409), (0.851562, 0.124575, 0.005146), (-0.851562, 0.124575, 0.005146), (0.828125, 0.104357, 0.064242), (-0.828125, 0.104357, 0.064242), (0.765625, 0.099293, 0.079014), (-0.765625, 0.099293, 0.079014), (0.843750, 0.073894, 0.152859), (-0.843750, 0.073894, 0.152859), (1.039062, 0.112344, 0.330753), (-1.039062, 0.112344, 0.330753), (1.187500, 0.174043, 0.368114), (-1.187500, 0.174043, 0.368114), (1.257812, 0.214153, 0.274554), (-1.257812, 0.214153, 0.274554), (1.210938, 0.257018, 0.124243), (-1.210938, 0.257018, 0.124243), (1.046875, 0.225564, 0.022901), (-1.046875, 0.225564, 0.022901), (0.882812, 0.082987, -0.041896), (-0.882812, 0.082987, -0.041896), (0.953125, 0.058138, 0.271183), (-0.953125, 0.058138, 0.271183), (0.890625, 0.101631, 0.096294), (-0.890625, 0.101631, 0.096294), (0.937500, 0.124216, 0.054479), (-0.937500, 0.124216, 0.054479), (1.000000, 0.133568, 0.123606), (-1.000000, 0.133568, 0.123606), (0.960938, 0.103592, 0.162914), (-0.960938, 0.103592, 0.162914), (1.015625, 0.105614, 0.229545), (-1.015625, 0.105614, 0.229545), (1.054688, 0.128194, 0.187729), (-1.054688, 0.128194, 0.187729), (1.109375, 0.128048, 0.212404), (-1.109375, 0.128048, 0.212404), (1.085938, 0.107883, 0.271509), (-1.085938, 0.107883, 0.271509), (1.023438, 0.143775, 0.456784), (-1.023438, 0.143775, 0.456784), (1.250000, 0.193009, 0.506404), (-1.250000, 0.193009, 0.506404), (1.367188, 0.204024, 0.328784), (-1.367188, 0.204024, 0.328784), (1.312500, 0.311471, 0.109690), (-1.312500, 0.311471, 0.109690), (1.039062, 0.319868, -0.035954), (-1.039062, 0.319868, -0.035954), (0.789062, 0.177595, -0.125358), (-0.789062, 0.177595, -0.125357), (0.859375, 0.065282, 0.372436), (-0.859375, 0.065282, 0.372436), (-0.356742, 0.656250, -3.432517), (-0.356742, -0.312804, -0.058208), (-0.356742, 1.326398, -3.191893), (-0.356742, 0.311526, 0.300257), (0.356742, 0.654622, -3.432183), (0.356742, -0.316540, -0.062976), (0.356742, 1.327366, -3.191173), (0.356742, 0.310288, 0.300495), (-0.356742, 0.503219, -3.049893), (-0.356742, 0.372933, -2.604961), (-0.356742, 0.363635, -2.191605), (-0.356742, 0.373447, -1.795471), (-0.356742, 0.308694, -1.446714), (-0.356742, 0.167004, -1.082732), (-0.356742, 0.036302, -0.714252), (-0.356742, -0.109236, -0.371987), (-0.356742, 0.530586, -0.064590), (-0.356742, 0.700601, -0.454859), (-0.356742, 0.852094, -0.847715), (-0.356742, 0.993638, -1.253197), (-0.356742, 1.075101, -1.736649), (-0.356742, 1.067246, -2.152964), (-0.356742, 1.069942, -2.509993), (-0.356742, 1.183271, -2.833253), (0.356742, 0.530204, -0.064254), (0.356742, 0.700602, -0.454721), (0.356742, 0.852140, -0.847615), (0.356742, 0.993640, -1.253200), (0.356742, 1.075099, -1.736652), (0.356742, 1.067243, -2.152964), (0.356742, 1.069940, -2.509984), (0.356742, 1.183328, -2.833173), (0.356742, -0.109375, -0.373163), (0.356742, 0.036497, -0.714346), (0.356742, 0.167003, -1.082733), (0.356742, 0.308695, -1.446714), (0.356742, 0.373446, -1.795471), (0.356742, 0.363641, -2.191597), (0.356742, 0.372929, -2.604941), (0.356742, 0.503062, -3.049808)],
            4: [(0.437500, -0.973888, -0.513230), (-0.437500, -0.973888, -0.513230), (0.500000, -0.870454, -0.531907), (-0.500000, -0.870454, -0.531907), (0.546875, -0.756892, -0.507565), (-0.546875, -0.756892, -0.507565), (0.351562, -0.748996, -0.594554), (-0.351562, -0.748996, -0.594554), (0.351562, -0.864137, -0.601498), (-0.351562, -0.864137, -0.601498), (0.351562, -0.970729, -0.548026), (-0.351562, -0.970729, -0.548026), (0.273438, -1.000461, -0.529675), (-0.273438, -1.000461, -0.529675), (0.203125, -0.916956, -0.560686), (-0.203125, -0.916956, -0.560686), (0.156250, -0.816681, -0.544566), (-0.156250, -0.816681, -0.544566), (0.078125, -0.921995, -0.389240), (-0.078125, -0.921995, -0.389240), (0.140625, -0.995071, -0.434464), (-0.140625, -0.995071, -0.434464), (0.242188, -1.041573, -0.463243), (-0.242188, -1.041573, -0.463243), (0.273438, -1.086797, -0.390167), (-0.273438, -1.086797, -0.390167), (0.203125, -1.073185, -0.308243), (-0.203125, -1.073185, -0.308243), (0.156250, -1.018134, -0.219048), (-0.156250, -1.018134, -0.219048), (0.351562, -1.032673, -0.136171), (-0.351562, -1.032673, -0.136171), (0.351562, -1.086145, -0.242763), (-0.351562, -1.086145, -0.242763), (0.351562, -1.089955, -0.355372), (-0.351562, -1.089955, -0.355372), (0.437500, -1.060224, -0.373722), (-0.437500, -1.060224, -0.373722), (0.500000, -1.026682, -0.279463), (-0.500000, -1.026682, -0.279463), (0.546875, -0.958344, -0.182046), (-0.546875, -0.958344, -0.182046), (0.625000, -0.842276, -0.339905), (-0.625000, -0.842276, -0.339905), (0.562500, -0.935281, -0.397463), (-0.562500, -0.935281, -0.397463), (0.468750, -1.008357, -0.442686), (-0.468750, -1.008357, -0.442686), (0.476562, -1.021644, -0.450909), (-0.476562, -1.021644, -0.450909), (0.445312, -1.077622, -0.375301), (-0.445312, -1.077622, -0.375301), (0.351562, -1.118108, -0.354419), (-0.351562, -1.118108, -0.354419), (0.265625, -1.110838, -0.395858), (-0.265625, -1.110838, -0.395858), (0.226562, -1.061503, -0.475577), (-0.226562, -1.061503, -0.475577), (0.265625, -1.016279, -0.548652), (-0.265625, -1.016279, -0.548652), (0.351562, -1.068146, -0.479688), (-0.351562, -1.068146, -0.479688), (0.351562, -0.982436, -0.573646), (-0.351562, -0.982436, -0.573646), (0.445312, -0.983063, -0.528096), (-0.445312, -0.983063, -0.528096), (-0.000000, -1.093741, -0.275026), (-0.000000, -1.119061, -0.382571), (-0.000000, -0.518633, -1.193335), (-0.000000, -0.737966, -0.913994), (-0.000000, -0.818019, -0.813307), (-0.000000, -0.458518, -1.265503), (-0.000000, -0.961829, -0.220953), (-0.000000, -1.021592, -0.065000), (-0.000000, -0.244283, 0.801928), (-0.000000, 0.216358, 0.672486), (-0.000000, 0.458444, 0.231098), (-0.000000, 0.272934, -0.400856), (0.203125, -0.618061, -0.688143), (-0.203125, -0.618061, -0.688143), (0.312500, -0.499614, -0.902360), (-0.312500, -0.499614, -0.902360), (0.351562, -0.370894, -1.122903), (-0.351562, -0.370894, -1.122903), (0.367188, -0.239761, -1.271022), (-0.367188, -0.239761, -1.271022), (0.328125, -0.205722, -1.314106), (-0.328125, -0.205722, -1.314106), (0.179688, -0.220842, -1.349936), (-0.179688, -0.220842, -1.349936), (-0.000000, -0.233122, -1.375154), (0.437500, -0.614820, -0.637075), (-0.437500, -0.614820, -0.637075), (0.632812, -0.673995, -0.560728), (-0.632812, -0.673995, -0.560728), (0.828125, -0.693190, -0.357611), (-0.828125, -0.693190, -0.357611), (0.859375, -0.967520, -0.196912), (-0.859375, -0.967520, -0.196912), (0.710938, -1.022872, -0.166854), (-0.710938, -1.022872, -0.166854), (0.492188, -1.137686, -0.100096), (-0.492188, -1.137686, -0.100096), (0.320312, -1.259771, 0.008101), (-0.320312, -1.259771, 0.008101), (0.156250, -1.259145, -0.037449), (-0.156250, -1.259145, -0.037449), (0.062500, -1.133274, -0.225992), (-0.062500, -1.133274, -0.225992), (0.164062, -1.112091, -0.304758), (-0.164062, -1.112091, -0.304758), (0.125000, -1.047890, -0.393652), (-0.125000, -1.047890, -0.393652), (0.203125, -0.916689, -0.557706), (-0.203125, -0.916689, -0.557706), (0.375000, -0.842307, -0.598587), (-0.375000, -0.842307, -0.598587), (0.492188, -0.840207, -0.544717), (-0.492188, -0.840207, -0.544717), (0.625000, -0.886498, -0.431273), (-0.625000, -0.886498, -0.431273), (0.640625, -0.944130, -0.338626), (-0.640625, -0.944130, -0.338626), (0.601562, -0.998530, -0.280416), (-0.601562, -0.998530, -0.280416), (0.429688, -1.077923, -0.256049), (-0.429688, -1.077923, -0.256049), (0.250000, -1.127584, -0.250032), (-0.250000, -1.127584, -0.250032), (-0.000000, -0.475811, -1.266711), (0.109375, -0.499323, -1.226473), (-0.109375, -0.499323, -1.226473), (0.117188, -0.420863, -1.314835), (-0.117188, -0.420863, -1.314835), (0.062500, -0.384101, -1.347116), (-0.062500, -0.384101, -1.347116), (-0.000000, -0.373505, -1.349878), (-0.000000, -0.773719, -0.797096), (-0.000000, -0.794989, -0.747759), (0.101562, -0.791129, -0.753047), (-0.101562, -0.791129, -0.753047), (0.125000, -0.758428, -0.819875), (-0.125000, -0.758428, -0.819875), (0.085938, -0.720417, -0.867160), (-0.085938, -0.720417, -0.867160), (0.398438, -0.783206, -0.633295), (-0.398438, -0.783206, -0.633295), (0.617188, -0.796300, -0.528003), (-0.617188, -0.796300, -0.528003), (0.726562, -0.854936, -0.393677), (-0.726562, -0.854936, -0.393677), (0.742188, -0.991886, -0.276305), (-0.742188, -0.991886, -0.276305), (0.687500, -1.072232, -0.280090), (-0.687500, -1.072232, -0.280090), (0.437500, -1.201913, -0.204157), (-0.437500, -1.201913, -0.204157), (0.312500, -1.284464, -0.144994), (-0.312500, -1.284464, -0.144994), (0.203125, -1.285417, -0.173147), (-0.203125, -1.285417, -0.173147), (0.101562, -1.180103, -0.328473), (-0.101562, -1.180103, -0.328473), (0.125000, -0.874984, -0.752974), (-0.125000, -0.874984, -0.752974), (0.210938, -0.615754, -0.981626), (-0.210938, -0.615754, -0.981626), (0.250000, -0.467149, -1.189148), (-0.250000, -0.467149, -1.189148), (0.265625, -0.388640, -1.277634), (-0.265625, -0.388640, -1.277634), (0.234375, -0.315079, -1.342305), (-0.234375, -0.315079, -1.342305), (0.164062, -0.307250, -1.355744), (-0.164062, -0.307250, -1.355744), (-0.000000, -0.306112, -1.373120), (-0.000000, -0.878847, -0.589636), (-0.000000, -0.998555, -0.473371), (0.328125, -1.118409, -0.235167), (-0.328125, -1.118409, -0.235167), (0.164062, -0.948175, -0.524187), (-0.164062, -0.948175, -0.524187), (0.132812, -0.991912, -0.469260), (-0.132812, -0.991912, -0.469260), (0.117188, -0.514880, -1.199813), (-0.117188, -0.514880, -1.199813), (0.078125, -0.648930, -1.002198), (-0.078125, -0.648930, -1.002198), (-0.000000, -0.648873, -1.002331), (-0.000000, -0.700738, -0.900054), (0.093750, -0.761598, -0.874632), (-0.093750, -0.761598, -0.874632), (0.132812, -0.798478, -0.844282), (-0.132812, -0.798478, -0.844282), (0.109375, -0.832660, -0.758916), (-0.109375, -0.832660, -0.758916), (0.039062, -0.836593, -0.752963), (-0.039062, -0.836593, -0.752963), (-0.000000, -0.836997, -0.841325), (0.046875, -0.851417, -0.787970), (-0.046875, -0.851417, -0.787970), (0.093750, -0.847469, -0.794229), (-0.093750, -0.847469, -0.794229), (0.109375, -0.825179, -0.860533), (-0.109375, -0.825179, -0.860533), (0.078125, -0.793349, -0.867668), (-0.078125, -0.793349, -0.867668), (-0.000000, -0.773748, -0.899875), (0.257812, -0.548619, -0.788613), (-0.257812, -0.548619, -0.788613), (0.164062, -0.717366, -0.811513), (-0.164062, -0.717366, -0.811513), (0.179688, -0.682083, -0.870040), (-0.179688, -0.682083, -0.870040), (0.234375, -0.579926, -0.736159), (-0.234375, -0.579926, -0.736159), (-0.000000, -0.381270, -1.336508), (0.046875, -0.385142, -1.329835), (-0.046875, -0.385142, -1.329835), (0.093750, -0.428624, -1.301484), (-0.093750, -0.428624, -1.301484), (0.093750, -0.480929, -1.242571), (-0.093750, -0.480929, -1.242571), (-0.000000, -0.401045, -1.240625), (0.093750, -0.423428, -1.217714), (-0.093750, -0.423428, -1.217714), (0.093750, -0.372033, -1.259530), (-0.093750, -0.372033, -1.259530), (0.046875, -0.345794, -1.289111), (-0.046875, -0.345794, -1.289111), (-0.000000, -0.341896, -1.295807), (0.171875, -1.015953, -0.474950), (-0.171875, -1.015953, -0.474950), (0.187500, -0.976378, -0.523657), (-0.187500, -0.976378, -0.523657), (0.335938, -1.107027, -0.283249), (-0.335938, -1.107027, -0.283249), (0.273438, -1.116202, -0.298115), (-0.273438, -1.116202, -0.298115), (0.421875, -1.103869, -0.318044), (-0.421875, -1.103869, -0.318044), (0.562500, -1.012769, -0.316791), (-0.562500, -1.012769, -0.316791), (0.585938, -0.973235, -0.365826), (-0.585938, -0.973235, -0.365826), (0.578125, -0.917122, -0.440750), (-0.578125, -0.917122, -0.440750), (0.476562, -0.900607, -0.536674), (-0.476562, -0.900607, -0.536674), (0.375000, -0.900091, -0.580745), (-0.375000, -0.900091, -0.580745), (0.226562, -0.958140, -0.565021), (-0.226562, -0.958140, -0.565021), (0.179688, -1.057065, -0.408518), (-0.179688, -1.057065, -0.408518), (0.210938, -1.098178, -0.342086), (-0.210938, -1.098178, -0.342086), (0.234375, -1.070026, -0.343038), (-0.234375, -1.070026, -0.343038), (0.195312, -1.037136, -0.396184), (-0.195312, -1.037136, -0.396184), (0.242188, -0.946356, -0.539263), (-0.242188, -0.946356, -0.539263), (0.375000, -0.899029, -0.553195), (-0.375000, -0.899028, -0.553195), (0.460938, -0.895481, -0.515450), (-0.460938, -0.895481, -0.515450), (0.546875, -0.918735, -0.423562), (-0.546875, -0.918735, -0.423562), (0.554688, -0.955838, -0.364247), (-0.554688, -0.955838, -0.364247), (0.531250, -0.991260, -0.321855), (-0.531250, -0.991260, -0.321855), (0.414062, -1.079828, -0.312354), (-0.414062, -1.079828, -0.312354), (0.281250, -1.097226, -0.313933), (-0.281250, -1.097226, -0.313933), (0.335938, -1.088050, -0.299067), (-0.335938, -1.088050, -0.299067), (0.203125, -0.964712, -0.498364), (-0.203125, -0.964712, -0.498364), (0.195312, -0.993491, -0.451862), (-0.195312, -0.993491, -0.451862), (0.109375, -0.997251, -0.178562), (-0.109375, -0.997251, -0.178562), (0.195312, -1.110787, -0.009949), (-0.195312, -1.110787, -0.009949), (0.335938, -1.103191, 0.022315), (-0.335938, -1.103191, 0.022315), (0.484375, -1.000084, -0.070064), (-0.484375, -1.000084, -0.070064), (0.679688, -0.893491, -0.123536), (-0.679688, -0.893491, -0.123536), (0.796875, -0.842251, -0.146950), (-0.796875, -0.842251, -0.146950), (0.773438, -0.641253, -0.306388), (-0.773438, -0.641253, -0.306388), (0.601562, -0.587364, -0.460368), (-0.601562, -0.587364, -0.460368), (0.437500, -0.585375, -0.563836), (-0.437500, -0.585375, -0.563835), (-0.000000, -0.955109, 0.362021), (-0.000000, -0.688101, 0.628327), (-0.000000, 0.462182, -0.083249), (-0.000000, -0.162793, -0.722411), (-0.000000, -0.136763, -1.309421), (-0.000000, -0.122789, -1.102255), (-0.000000, -0.220929, -0.886826), (-0.000000, -0.230809, -0.791519), (0.851562, -0.404006, -0.076687), (-0.851562, -0.404006, -0.076687), (0.859375, -0.362183, 0.049617), (-0.859375, -0.362183, 0.049617), (0.773438, 0.009161, 0.208064), (-0.773438, 0.009161, 0.208064), (0.460938, 0.151040, 0.490249), (-0.460938, 0.151040, 0.490249), (0.734375, -0.267571, -0.318120), (-0.734375, -0.267571, -0.318120), (0.593750, -0.024819, -0.263985), (-0.593750, -0.024819, -0.263985), (0.640625, 0.144298, -0.030351), (-0.640625, 0.144298, -0.030351), (0.335938, 0.318780, 0.139538), (-0.335938, 0.318780, 0.139538), (0.234375, -0.402288, -0.744357), (-0.234375, -0.402288, -0.744357), (0.179688, -0.244731, -0.720261), (-0.179688, -0.244731, -0.720261), (0.289062, -0.202627, -1.041554), (-0.289062, -0.202627, -1.041554), (0.250000, -0.314900, -0.863680), (-0.250000, -0.314900, -0.863680), (0.328125, -0.114110, -1.224462), (-0.328125, -0.114110, -1.224462), (0.140625, -0.166241, -1.073675), (-0.140625, -0.166241, -1.073675), (0.125000, -0.269551, -0.880054), (-0.125000, -0.269551, -0.880054), (0.164062, -0.132255, -1.270790), (-0.164062, -0.132255, -1.270790), (0.218750, -0.457303, -0.697301), (-0.218750, -0.457303, -0.697301), (0.210938, -0.518130, -0.671746), (-0.210938, -0.518130, -0.671746), (0.203125, -0.572463, -0.642064), (-0.203125, -0.572463, -0.642064), (0.210938, -0.175787, -0.652570), (-0.210938, -0.175787, -0.652570), (0.296875, 0.158065, -0.373740), (-0.296875, 0.158065, -0.373740), (0.343750, 0.312930, -0.098179), (-0.343750, 0.312930, -0.098179), (0.453125, -0.367346, 0.689018), (-0.453125, -0.367346, 0.689018), (0.453125, -0.665965, 0.577713), (-0.453125, -0.665965, 0.577713), (0.453125, -0.883939, 0.350941), (-0.453125, -0.883939, 0.350941), (0.460938, -0.877347, -0.030857), (-0.460938, -0.877347, -0.030857), (0.726562, -0.735958, -0.081170), (-0.726562, -0.735958, -0.081170), (0.632812, -0.714124, -0.012532), (-0.632812, -0.714124, -0.012532), (0.640625, -0.653031, 0.319279), (-0.640625, -0.653031, 0.319279), (0.796875, -0.638817, 0.162699), (-0.796875, -0.638817, 0.162699), (0.796875, -0.461655, 0.336652), (-0.796875, -0.461655, 0.336652), (0.640625, -0.465114, 0.490699), (-0.640625, -0.465114, 0.490699), (0.640625, -0.211691, 0.563308), (-0.640625, -0.211691, 0.563308), (0.796875, -0.208698, 0.399371), (-0.796875, -0.208698, 0.399371), (0.617188, 0.105875, 0.337037), (-0.617188, 0.105875, 0.337037), (0.484375, 0.231351, 0.054945), (-0.484375, 0.231351, 0.054945), (0.820312, -0.228894, 0.139881), (-0.820312, -0.228894, 0.139881), (0.406250, -0.270352, -0.460723), (-0.406250, -0.270352, -0.460723), (0.429688, 0.052197, -0.299897), (-0.429688, 0.052197, -0.299897), (0.890625, -0.239380, 0.224126), (-0.890625, -0.239380, 0.224126), (0.773438, -0.051515, -0.298019), (-0.773438, -0.051515, -0.298019), (1.039062, 0.102447, -0.162239), (-1.039062, 0.102447, -0.162239), (1.281250, 0.109811, 0.023243), (-1.281250, 0.109811, 0.023243), (1.351562, -0.032264, 0.246973), (-1.351562, -0.032264, 0.246973), (1.234375, -0.127986, 0.407629), (-1.234375, -0.127986, 0.407629), (1.023438, -0.206524, 0.324960), (-1.023438, -0.206524, 0.324960), (1.015625, -0.195070, 0.259350), (-1.015625, -0.195070, 0.259350), (1.187500, -0.119049, 0.331450), (-1.187500, -0.119048, 0.331450), (1.265625, -0.029773, 0.212239), (-1.265625, -0.029773, 0.212239), (1.210938, 0.077799, 0.031440), (-1.210938, 0.077799, 0.031440), (1.031250, 0.050559, -0.120521), (-1.031250, 0.050559, -0.120521), (0.828125, -0.080652, -0.234072), (-0.828125, -0.080652, -0.234072), (0.921875, -0.228789, 0.175996), (-0.921875, -0.228789, 0.175996), (0.945312, -0.139769, 0.165477), (-0.945312, -0.139769, 0.165477), (0.882812, -0.037593, -0.154523), (-0.882812, -0.037593, -0.154523), (1.039062, 0.084168, -0.055361), (-1.039062, 0.084168, -0.055361), (1.187500, 0.103292, 0.064671), (-1.187500, 0.103292, 0.064671), (1.234375, 0.023613, 0.198615), (-1.234375, 0.023613, 0.198615), (1.171875, -0.039002, 0.288360), (-1.171875, -0.039002, 0.288360), (1.023438, -0.098546, 0.235084), (-1.023438, -0.098546, 0.235084), (0.843750, -0.201072, 0.111029), (-0.843750, -0.201072, 0.111029), (0.835938, -0.084818, 0.043956), (-0.835938, -0.084818, 0.043956), (0.757812, -0.044173, -0.022659), (-0.757812, -0.044173, -0.022659), (0.820312, -0.040096, -0.029316), (-0.820312, -0.040096, -0.029316), (0.843750, -0.004159, -0.089520), (-0.843750, -0.004159, -0.089520), (0.812500, 0.011881, -0.116251), (-0.812500, 0.011881, -0.116251), (0.726562, -0.170555, -0.206084), (-0.726562, -0.170555, -0.206084), (0.718750, -0.070806, -0.174081), (-0.718750, -0.070806, -0.174081), (0.718750, -0.089688, -0.112972), (-0.718750, -0.089688, -0.112972), (0.796875, -0.155346, 0.038336), (-0.796875, -0.155346, 0.038336), (0.890625, -0.128263, 0.099849), (-0.890625, -0.128263, 0.099849), (0.890625, -0.076522, 0.121395), (-0.890625, -0.076522, 0.121395), (0.812500, 0.051989, -0.092519), (-0.812500, 0.051989, -0.092519), (0.851562, 0.036032, -0.065742), (-0.851562, 0.036032, -0.065742), (0.828125, 0.004000, -0.012228), (-0.828125, 0.004000, -0.012228), (0.765625, -0.004023, 0.001146), (-0.765625, -0.004023, 0.001146), (0.843750, -0.044262, 0.067967), (-0.843750, -0.044262, 0.067967), (1.039062, -0.043460, 0.249601), (-1.039062, -0.043460, 0.249601), (1.187500, 0.009213, 0.298822), (-1.187500, 0.009213, 0.298822), (1.257812, 0.067754, 0.215745), (-1.257812, 0.067754, 0.215745), (1.210938, 0.140677, 0.077815), (-1.210938, 0.140677, 0.077815), (1.046875, 0.130920, -0.027619), (-1.046875, 0.130920, -0.027619), (0.882812, 0.005196, -0.120204), (-0.882812, 0.005196, -0.120204), (0.953125, -0.084253, 0.180214), (-0.953125, -0.084253, 0.180214), (0.890625, -0.005327, 0.018495), (-0.890625, -0.005327, 0.018495), (0.937500, 0.025446, -0.017661), (-0.937500, 0.025446, -0.017661), (1.000000, 0.020226, 0.051746), (-1.000000, 0.020226, 0.051746), (0.960938, -0.017249, 0.083931), (-0.960938, -0.017249, 0.083931), (1.015625, -0.029074, 0.149400), (-1.015625, -0.029074, 0.149400), (1.054688, 0.001692, 0.113240), (-1.054688, 0.001692, 0.113240), (1.109375, -0.003548, 0.137301), (-1.109375, -0.003548, 0.137301), (1.085938, -0.035496, 0.190845), (-1.085938, -0.035496, 0.190845), (1.023438, -0.038746, 0.379149), (-1.023438, -0.038746, 0.379149), (1.250000, -0.000811, 0.437759), (-1.250000, -0.000811, 0.437759), (1.367188, 0.046701, 0.266603), (-1.367188, 0.046701, 0.266603), (1.312500, 0.196905, 0.074813), (-1.312500, 0.196905, 0.074813), (1.039062, 0.235282, -0.065719), (-1.039062, 0.235282, -0.065719), (0.789062, 0.115040, -0.182216), (-0.789062, 0.115040, -0.182216), (0.859375, -0.097977, 0.280586), (-0.859375, -0.097977, 0.280586), (-0.356742, 0.640560, -3.461469), (-0.356742, -0.372021, -0.209276), (-0.356742, 1.288201, -3.174166), (-0.356742, 0.176853, 0.258082), (0.356742, 0.637864, -3.460811), (0.356742, -0.376977, -0.217908), (0.356742, 1.289861, -3.173024), (0.356742, 0.174784, 0.258178), (-0.356742, 0.449295, -3.083279), (-0.356742, 0.299854, -2.602509), (-0.356742, 0.350362, -2.181972), (-0.356742, 0.431609, -1.791387), (-0.356742, 0.385367, -1.474298), (-0.356742, 0.212201, -1.126275), (-0.356742, 0.058379, -0.769409), (-0.356742, -0.112982, -0.459356), (-0.356742, 0.473095, -0.071410), (-0.356742, 0.695551, -0.453778), (-0.356742, 0.886094, -0.849700), (-0.356742, 1.056942, -1.267142), (-0.356742, 1.121135, -1.809659), (-0.356742, 1.041442, -2.233976), (-0.356742, 0.983295, -2.559966), (-0.356742, 1.111979, -2.836619), (0.356742, 0.472394, -0.070953), (0.356742, 0.695519, -0.453553), (0.356742, 0.886146, -0.849526), (0.356742, 1.056945, -1.267147), (0.356742, 1.121132, -1.809663), (0.356742, 1.041437, -2.233976), (0.356742, 0.983293, -2.559952), (0.356742, 1.112080, -2.836488), (0.356742, -0.112932, -0.461303), (0.356742, 0.058719, -0.769516), (0.356742, 0.212200, -1.126276), (0.356742, 0.385368, -1.474297), (0.356742, 0.431608, -1.791387), (0.356742, 0.350373, -2.181959), (0.356742, 0.299848, -2.602475), (0.356742, 0.449039, -3.083127)],
            5: [(0.437500, -0.916713, -0.877446), (-0.437500, -0.916713, -0.877446), (0.500000, -0.811775, -0.871506), (-0.500000, -0.811775, -0.871506), (0.546875, -0.707012, -0.821372), (-0.546875, -0.707012, -0.821372), (0.351562, -0.679062, -0.904126), (-0.351562, -0.679062, -0.904126), (0.351562, -0.789415, -0.937709), (-0.351562, -0.789415, -0.937709), (0.351562, -0.905534, -0.910547), (-0.351562, -0.905534, -0.910547), (0.273438, -0.938723, -0.899630), (-0.273438, -0.938723, -0.899630), (0.203125, -0.850291, -0.910328), (-0.203125, -0.850291, -0.910328), (0.156250, -0.756533, -0.871287), (-0.156250, -0.756533, -0.871287), (0.078125, -0.895142, -0.744777), (-0.078125, -0.895142, -0.744777), (0.140625, -0.955667, -0.805784), (-0.140625, -0.955667, -0.805784), (0.242188, -0.994184, -0.844607), (-0.242188, -0.994184, -0.844607), (0.273438, -1.055191, -0.784081), (-0.273438, -1.055191, -0.784081), (0.203125, -1.061044, -0.701239), (-0.203125, -1.061044, -0.701239), (0.156250, -1.028292, -0.601672), (-0.156250, -1.028292, -0.601672), (0.351562, -1.061743, -0.524464), (-0.351562, -1.061743, -0.524464), (0.351562, -1.088905, -0.640582), (-0.351562, -1.088905, -0.640582), (0.351562, -1.066371, -0.750979), (-0.351562, -1.066371, -0.750979), (0.437500, -1.033182, -0.761896), (-0.437500, -1.033182, -0.761896), (0.500000, -1.022527, -0.662416), (-0.500000, -1.022527, -0.662416), (0.546875, -0.978771, -0.551757), (-0.546875, -0.978771, -0.551757), (0.625000, -0.829113, -0.678224), (-0.625000, -0.829113, -0.678224), (0.562500, -0.906146, -0.755869), (-0.562500, -0.906146, -0.755869), (0.468750, -0.966672, -0.816876), (-0.468750, -0.966672, -0.816876), (0.476562, -0.977677, -0.827968), (-0.476562, -0.977677, -0.827968), (0.445312, -1.049733, -0.767486), (-0.445312, -1.049733, -0.767486), (0.351562, -1.093970, -0.756613), (-0.351562, -1.093970, -0.756613), (0.265625, -1.077244, -0.795217), (-0.265625, -1.077244, -0.795217), (0.226562, -1.010691, -0.861245), (-0.226562, -1.010691, -0.861245), (0.265625, -0.949684, -0.921771), (-0.265625, -0.949684, -0.921771), (0.351562, -1.016193, -0.866791), (-0.351562, -1.016193, -0.866791), (0.351562, -0.910949, -0.938191), (-0.351562, -0.910949, -0.938191), (0.445312, -0.922172, -0.894040), (-0.445312, -0.922172, -0.894040), (-0.000000, -1.088774, -0.673728), (-0.000000, -1.088337, -0.784212), (-0.000000, -0.321944, -1.423465), (-0.000000, -0.596152, -1.203721), (-0.000000, -0.696151, -1.126248), (-0.000000, -0.247765, -1.479900), (-0.000000, -0.973093, -0.590405), (-0.000000, -1.067552, -0.452671), (-0.000000, -0.513652, 0.571522), (-0.000000, -0.024799, 0.550901), (-0.000000, 0.314660, 0.173458), (-0.000000, 0.273417, -0.482308), (0.203125, -0.530554, -0.957148), (-0.203125, -0.530554, -0.957148), (0.312500, -0.368238, -1.136715), (-0.312500, -0.368238, -1.136715), (0.351562, -0.194711, -1.321684), (-0.351562, -0.194711, -1.321684), (0.367188, -0.034820, -1.436241), (-0.367188, -0.034820, -1.436241), (0.328125, 0.007713, -1.470495), (-0.328125, 0.007713, -1.470495), (0.179688, 0.000980, -1.508613), (-0.179688, 0.000980, -1.508613), (0.000000, -0.005330, -1.535817), (0.437500, -0.538781, -0.909025), (-0.437500, -0.538781, -0.909025), (0.632812, -0.613789, -0.851148), (-0.632812, -0.613789, -0.851148), (0.828125, -0.679957, -0.660553), (-0.828125, -0.679957, -0.660553), (0.859375, -0.984229, -0.568352), (-0.859375, -0.984229, -0.568352), (0.710938, -1.045062, -0.552020), (-0.710938, -1.045062, -0.552020), (0.492188, -1.172272, -0.513853), (-0.492188, -1.172272, -0.513853), (0.320312, -1.316208, -0.437083), (-0.320312, -1.316208, -0.437083), (0.156250, -1.304985, -0.481233), (-0.156250, -1.304985, -0.481233), (0.062500, -1.138645, -0.635255), (-0.062500, -1.138645, -0.635255), (0.164062, -1.099691, -0.706917), (-0.164062, -1.099691, -0.706917), (0.125000, -1.016544, -0.778404), (-0.125000, -1.016544, -0.778404), (0.203125, -0.850575, -0.906074), (-0.203125, -0.850575, -0.906074), (0.375000, -0.768634, -0.926326), (-0.375000, -0.768634, -0.926326), (0.492188, -0.779088, -0.874511), (-0.492188, -0.779088, -0.874511), (0.625000, -0.850791, -0.777225), (-0.625000, -0.850791, -0.777225), (0.640625, -0.928462, -0.700715), (-0.640625, -0.928462, -0.700715), (0.601562, -0.994928, -0.656783), (-0.601562, -0.994928, -0.656783), (0.429688, -1.077813, -0.651587), (-0.429688, -1.077813, -0.651587), (0.250000, -1.127509, -0.657308), (-0.250000, -1.127509, -0.657308), (-0.000000, -0.264251, -1.484945), (0.109375, -0.295985, -1.451142), (-0.109375, -0.295985, -1.451142), (0.117188, -0.200471, -1.519209), (-0.117188, -0.200471, -1.519209), (0.062500, -0.157727, -1.542300), (-0.062500, -0.157727, -1.542300), (0.000000, -0.146850, -1.542616), (-0.000000, -0.656726, -1.100954), (-0.000000, -0.688545, -1.058496), (0.101562, -0.683652, -1.062146), (-0.101562, -0.683652, -1.062146), (0.125000, -0.637006, -1.117878), (-0.125000, -0.637006, -1.117878), (0.085938, -0.589664, -1.154225), (-0.085938, -0.589664, -1.154225), (0.398438, -0.703206, -0.945435), (-0.398438, -0.703206, -0.945435), (0.617188, -0.740326, -0.848594), (-0.617188, -0.740326, -0.848594), (0.726562, -0.828895, -0.733466), (-0.726562, -0.828895, -0.733466), (0.742188, -0.989426, -0.651237), (-0.742188, -0.989426, -0.651237), (0.687500, -1.066677, -0.673640), (-0.687500, -1.066677, -0.673640), (0.437500, -1.210482, -0.630015), (-0.437500, -1.210482, -0.630015), (0.312500, -1.304547, -0.591717), (-0.312500, -1.304547, -0.591717), (0.203125, -1.298914, -0.619317), (-0.203125, -1.298914, -0.619317), (0.101562, -1.160304, -0.745827), (-0.101562, -1.160304, -0.745827), (0.125000, -0.764986, -1.082835), (-0.125000, -0.764986, -1.082835), (0.210938, -0.462987, -1.240253), (-0.210938, -0.462987, -1.240253), (0.250000, -0.273168, -1.407627), (-0.250000, -0.273168, -1.407627), (0.265625, -0.177558, -1.475858), (-0.265625, -0.177558, -1.475858), (0.234375, -0.091991, -1.522188), (-0.234375, -0.091991, -1.522188), (0.164062, -0.081418, -1.533494), (-0.164062, -0.081418, -1.533494), (0.000000, -0.076454, -1.550111), (-0.000000, -0.806387, -0.928435), (-0.000000, -0.949990, -0.844432), (0.328125, -1.122051, -0.640713), (-0.328125, -1.122051, -0.640713), (0.164062, -0.889106, -0.881784), (-0.164062, -0.889106, -0.881784), (0.132812, -0.944488, -0.838886), (-0.132812, -0.944488, -0.838886), (0.117188, -0.316937, -1.428814), (-0.117188, -0.316937, -1.428814), (0.078125, -0.490439, -1.267996), (-0.078125, -0.490439, -1.267996), (-0.000000, -0.490328, -1.268172), (-0.000000, -0.563241, -1.181477), (0.093750, -0.627861, -1.171178), (-0.093750, -0.627861, -1.171178), (0.132812, -0.670346, -1.150830), (-0.132812, -0.670346, -1.150830), (0.109375, -0.722697, -1.076922), (-0.109375, -0.722697, -1.076922), (0.039062, -0.727838, -1.072352), (-0.039062, -0.727838, -1.072352), (-0.000000, -0.708330, -1.157164), (0.046875, -0.734335, -1.109247), (-0.046875, -0.734335, -1.109247), (0.093750, -0.729104, -1.114245), (-0.093750, -0.729104, -1.114245), (0.109375, -0.692578, -1.172770), (-0.109375, -0.692578, -1.172770), (0.078125, -0.660145, -1.172086), (-0.078125, -0.660145, -1.172086), (-0.000000, -0.633983, -1.198389), (0.257812, -0.440890, -1.037892), (-0.257812, -0.440890, -1.037892), (0.164062, -0.599173, -1.099699), (-0.164062, -0.599173, -1.099699), (0.179688, -0.551957, -1.147823), (-0.179688, -0.551957, -1.147823), (0.234375, -0.482878, -0.994497), (-0.234375, -0.482878, -0.994497), (0.000000, -0.157316, -1.531393), (0.046875, -0.162532, -1.525795), (-0.046875, -0.162532, -1.525795), (0.093750, -0.210929, -1.508010), (-0.093750, -0.210929, -1.508010), (0.093750, -0.274603, -1.462627), (-0.093750, -0.274603, -1.462627), (-0.000000, -0.197594, -1.442914), (0.093750, -0.224387, -1.425661), (-0.093750, -0.224387, -1.425661), (0.093750, -0.165294, -1.454772), (-0.093750, -0.165294, -1.454772), (0.046875, -0.133309, -1.477619), (-0.046875, -0.133309, -1.477619), (0.000000, -0.128050, -1.483244), (0.171875, -0.966541, -0.850022), (-0.171875, -0.966541, -0.850022), (0.187500, -0.916685, -0.888024), (-0.187500, -0.916685, -0.888024), (0.335938, -1.099779, -0.684819), (-0.335938, -1.099779, -0.684819), (0.273438, -1.105237, -0.701415), (-0.273438, -1.105237, -0.701415), (0.421875, -1.088599, -0.717921), (-0.421875, -1.088599, -0.717921), (0.562500, -1.000299, -0.695474), (-0.562500, -1.000299, -0.695474), (0.585938, -0.950428, -0.733947), (-0.585938, -0.950428, -0.733947), (0.578125, -0.878334, -0.793438), (-0.578125, -0.878334, -0.793438), (0.476562, -0.839698, -0.880985), (-0.476562, -0.839698, -0.880985), (0.375000, -0.828957, -0.923076), (-0.375000, -0.828957, -0.923076), (0.226562, -0.889187, -0.922868), (-0.226562, -0.889187, -0.922868), (0.179688, -1.022002, -0.794998), (-0.179688, -1.022002, -0.794998), (0.210938, -1.077463, -0.739974), (-0.210938, -1.077463, -0.739974), (0.234375, -1.049864, -0.734341), (-0.234375, -1.049864, -0.734341), (0.195312, -1.005495, -0.778360), (-0.195312, -1.005495, -0.778360), (0.242188, -0.883694, -0.895014), (-0.242188, -0.883694, -0.895014), (0.375000, -0.834303, -0.896301), (-0.375000, -0.834303, -0.896301), (0.460938, -0.839636, -0.859274), (-0.460938, -0.839636, -0.859274), (0.546875, -0.883924, -0.777190), (-0.546875, -0.883924, -0.777190), (0.554688, -0.933877, -0.728357), (-0.554688, -0.933877, -0.728357), (0.531250, -0.978202, -0.695387), (-0.531250, -0.978202, -0.695387), (0.414062, -1.066546, -0.706785), (-0.414062, -1.066546, -0.706785), (0.281250, -1.083097, -0.712375), (-0.281250, -1.083097, -0.712375), (0.335938, -1.077638, -0.695781), (-0.335938, -1.077638, -0.695781), (0.203125, -0.911255, -0.860852), (-0.203125, -0.911255, -0.860852), (0.195312, -0.950078, -0.822335), (-0.195312, -0.950078, -0.822335), (0.109375, -1.017419, -0.557434), (-0.109375, -1.017419, -0.557434), (0.195312, -1.167120, -0.419919), (-0.195312, -1.167120, -0.419919), (0.335938, -1.167251, -0.386774), (-0.335938, -1.167251, -0.386774), (0.484375, -1.045455, -0.452583), (-0.484375, -1.045455, -0.452583), (0.679688, -0.929337, -0.479745), (-0.679688, -0.929337, -0.479745), (0.796875, -0.874051, -0.490575), (-0.796875, -0.874051, -0.490575), (0.773438, -0.641214, -0.598235), (-0.773438, -0.641214, -0.598235), (0.601562, -0.552522, -0.732781), (-0.601562, -0.552522, -0.732781), (0.437500, -0.526787, -0.830738), (-0.437500, -0.526787, -0.830738), (-0.000000, -1.102404, -0.021912), (-0.000000, -0.904801, 0.299280), (-0.000000, 0.390090, -0.134048), (-0.000000, -0.083087, -0.883907), (0.000000, 0.073388, -1.450571), (-0.000000, 0.040773, -1.246192), (-0.000000, -0.102529, -1.057971), (-0.000000, -0.133400, -0.966885), (0.851562, -0.463192, -0.319009), (-0.851562, -0.463191, -0.319010), (0.859375, -0.451656, -0.186539), (-0.859375, -0.451656, -0.186539), (0.773438, -0.122935, 0.053689), (-0.773438, -0.122935, 0.053689), (0.460938, -0.047951, 0.359461), (-0.460938, -0.047951, 0.359461), (0.734375, -0.273438, -0.519437), (-0.734375, -0.273438, -0.519437), (0.593750, -0.048995, -0.411458), (-0.593750, -0.048995, -0.411458), (0.640625, 0.063096, -0.147427), (-0.640625, 0.063096, -0.147427), (0.335938, 0.196625, 0.055480), (-0.335938, 0.196625, 0.055480), (0.234375, -0.309102, -0.961030), (-0.234375, -0.309102, -0.961030), (0.179688, -0.162183, -0.901246), (-0.179688, -0.162183, -0.901246), (0.289062, -0.049814, -1.205128), (-0.289062, -0.049814, -1.205128), (0.250000, -0.198075, -1.057236), (-0.250000, -0.198075, -1.057236), (0.328125, 0.076650, -1.363169), (-0.328125, 0.076650, -1.363169), (0.140625, -0.007633, -1.228078), (-0.140625, -0.007633, -1.228078), (0.125000, -0.150929, -1.062399), (-0.125000, -0.150929, -1.062399), (0.164062, 0.069212, -1.412085), (-0.164062, 0.069212, -1.412085), (0.218750, -0.372738, -0.928286), (-0.218750, -0.372738, -0.928286), (0.210938, -0.437341, -0.917793), (-0.210938, -0.437341, -0.917793), (0.203125, -0.496657, -0.901764), (-0.203125, -0.496657, -0.901764), (0.210938, -0.110250, -0.820056), (-0.210938, -0.110250, -0.820056), (0.296875, 0.153450, -0.477189), (-0.296875, 0.153450, -0.477189), (0.343750, 0.243531, -0.176640), (-0.343750, 0.243531, -0.176640), (0.453125, -0.607017, 0.433043), (-0.453125, -0.607017, 0.433043), (0.453125, -0.871480, 0.255218), (-0.453125, -0.871480, 0.255218), (0.453125, -1.030611, -0.016104), (-0.453125, -1.030611, -0.016104), (0.460938, -0.935234, -0.385854), (-0.460938, -0.935234, -0.385854), (0.726562, -0.786013, -0.401837), (-0.726562, -0.786013, -0.401837), (0.632812, -0.780774, -0.330000), (-0.632812, -0.780774, -0.330000), (0.640625, -0.798681, 0.006912), (-0.640625, -0.798681, 0.006912), (0.796875, -0.748372, -0.142045), (-0.796875, -0.748372, -0.142045), (0.796875, -0.616622, 0.068401), (-0.796875, -0.616622, 0.068401), (0.640625, -0.655882, 0.217402), (-0.640625, -0.655882, 0.217402), (0.640625, -0.424674, 0.347385), (-0.640625, -0.424674, 0.347385), (0.796875, -0.382654, 0.189012), (-0.796875, -0.382654, 0.189012), (0.617188, -0.057491, 0.200613), (-0.617188, -0.057491, 0.200613), (0.484375, 0.129518, -0.045521), (-0.484375, 0.129518, -0.045521), (0.820312, -0.341079, -0.067147), (-0.820312, -0.341079, -0.067147), (0.406250, -0.243783, -0.656648), (-0.406250, -0.243783, -0.656648), (0.429688, 0.034326, -0.428782), (-0.429688, 0.034326, -0.428782), (0.890625, -0.369129, 0.012884), (-0.890625, -0.369129, 0.012884), (0.773438, -0.067768, -0.450840), (-0.773438, -0.067768, -0.450840), (1.039062, 0.051046, -0.284825), (-1.039062, 0.051046, -0.284825), (1.281250, 0.016380, -0.103131), (-1.281250, 0.016380, -0.103131), (1.351562, -0.172001, 0.082141), (-1.351562, -0.172001, 0.082141), (1.234375, -0.301226, 0.216565), (-1.234375, -0.301226, 0.216565), (1.023438, -0.359182, 0.118530), (-1.023438, -0.359182, 0.118529), (1.015625, -0.333413, 0.057355), (-1.015625, -0.333413, 0.057355), (1.187500, -0.275432, 0.144606), (-1.187500, -0.275432, 0.144606), (1.265625, -0.161775, 0.048978), (-1.265625, -0.161775, 0.048978), (1.210938, -0.016544, -0.102361), (-1.210938, -0.016544, -0.102361), (1.031250, -0.008719, -0.255964), (-1.031250, -0.008719, -0.255964), (0.828125, -0.110473, -0.395437), (-0.828125, -0.110473, -0.395437), (0.921875, -0.347957, -0.031465), (-0.921875, -0.347957, -0.031465), (0.945312, -0.258752, -0.021398), (-0.945312, -0.258752, -0.021398), (0.882812, -0.086589, -0.308678), (-0.882812, -0.086589, -0.308678), (1.039062, 0.009214, -0.185189), (-1.039062, 0.009214, -0.185189), (1.187500, 0.000714, -0.064377), (-1.187500, 0.000714, -0.064377), (1.234375, -0.106863, 0.047754), (-1.234375, -0.106863, 0.047754), (1.171875, -0.187967, 0.120789), (-1.171875, -0.187967, 0.120789), (1.023438, -0.234025, 0.055609), (-1.023438, -0.234025, 0.055609), (0.843750, -0.307027, -0.088618), (-0.843750, -0.307027, -0.088618), (0.835938, -0.177721, -0.126908), (-0.835938, -0.177721, -0.126908), (0.757812, -0.122877, -0.182292), (-0.757812, -0.122877, -0.182292), (0.820312, -0.117377, -0.187822), (-0.820312, -0.117377, -0.187822), (0.843750, -0.068868, -0.238163), (-0.843750, -0.068868, -0.238163), (0.812500, -0.047219, -0.260484), (-0.812500, -0.047219, -0.260484), (0.726562, -0.204304, -0.388696), (-0.726562, -0.204304, -0.388697), (0.718750, -0.114318, -0.335003), (-0.718750, -0.114318, -0.335003), (0.718750, -0.146608, -0.280096), (-0.718750, -0.146608, -0.280096), (0.796875, -0.245398, -0.148494), (-0.796875, -0.245398, -0.148494), (0.890625, -0.232905, -0.082587), (-0.890625, -0.232905, -0.082587), (0.890625, -0.187125, -0.049846), (-0.890625, -0.187125, -0.049846), (0.812500, -0.013647, -0.228470), (-0.812500, -0.013647, -0.228470), (0.851562, -0.035190, -0.206066), (-0.851562, -0.035190, -0.206066), (0.828125, -0.078432, -0.161338), (-0.828125, -0.078432, -0.161338), (0.765625, -0.089263, -0.150166), (-0.765625, -0.089263, -0.150166), (0.843750, -0.143581, -0.094402), (-0.843750, -0.143581, -0.094402), (1.039062, -0.183692, 0.082134), (-1.039062, -0.183692, 0.082134), (1.187500, -0.143470, 0.141797), (-1.187500, -0.143470, 0.141797), (1.257812, -0.067865, 0.074307), (-1.257812, -0.067865, 0.074307), (1.210938, 0.034023, -0.043218), (-1.210938, 0.034023, -0.043218), (1.046875, 0.048311, -0.147770), (-1.046875, 0.048311, -0.147770), (0.882812, -0.052815, -0.265817), (-0.882812, -0.052815, -0.265817), (0.953125, -0.207864, 0.005531), (-0.953125, -0.207864, 0.005531), (0.890625, -0.094455, -0.133623), (-0.890625, -0.094455, -0.133623), (0.937500, -0.056343, -0.161784), (-0.937500, -0.056343, -0.161784), (1.000000, -0.077117, -0.095597), (-1.000000, -0.077117, -0.095597), (0.960938, -0.120845, -0.072797), (-0.960938, -0.120845, -0.072797), (1.015625, -0.147107, -0.011904), (-1.015625, -0.147107, -0.011904), (1.054688, -0.109004, -0.040072), (-1.054688, -0.109004, -0.040072), (1.109375, -0.119509, -0.017891), (-1.109375, -0.119509, -0.017891), (1.085938, -0.162639, 0.026896), (-1.085938, -0.162639, 0.026896), (1.023438, -0.208220, 0.208986), (-1.023438, -0.208220, 0.208986), (1.250000, -0.184460, 0.274437), (-1.250000, -0.184460, 0.274437), (1.367188, -0.099715, 0.118953), (-1.367188, -0.099715, 0.118953), (1.312500, 0.089357, -0.033512), (-1.312500, 0.089357, -0.033512), (1.039062, 0.158371, -0.161377), (-1.039062, 0.158371, -0.161377), (0.789062, 0.068059, -0.301342), (-0.789062, 0.068059, -0.301342), (0.859375, -0.243555, 0.099957), (-0.859375, -0.243555, 0.099957), (-0.356742, 0.626989, -3.492416), (-0.356742, -0.393446, -0.427192), (-0.356742, 1.243858, -3.156712), (-0.356742, 0.050058, 0.138765), (0.356742, 0.623169, -3.491299), (0.356742, -0.398510, -0.440440), (0.356742, 1.246310, -3.155183), (0.356742, 0.047125, 0.138443), (-0.356742, 0.396327, -3.121360), (-0.356742, 0.232153, -2.606036), (-0.356742, 0.350534, -2.189877), (-0.356742, 0.510900, -1.818660), (-0.356742, 0.483449, -1.543087), (-0.356742, 0.276768, -1.213702), (-0.356742, 0.099236, -0.869629), (-0.356742, -0.092037, -0.596494), (-0.356742, 0.421418, -0.134080), (-0.356742, 0.700627, -0.497692), (-0.356742, 0.933392, -0.895060), (-0.356742, 1.133068, -1.324002), (-0.356742, 1.169149, -1.923518), (-0.356742, 1.008096, -2.343196), (-0.356742, 0.884618, -2.623256), (-0.356742, 1.032140, -2.844845), (0.356742, 0.420330, -0.133591), (0.356742, 0.700532, -0.497382), (0.356742, 0.933428, -0.894800), (0.356742, 1.133071, -1.324010), (0.356742, 1.169143, -1.923524), (0.356742, 1.008089, -2.343194), (0.356742, 0.884616, -2.623236), (0.356742, 1.032292, -2.844663), (0.356742, -0.091535, -0.599222), (0.356742, 0.099739, -0.869704), (0.356742, 0.276766, -1.213703), (0.356742, 0.483450, -1.543085), (0.356742, 0.510898, -1.818659), (0.356742, 0.350550, -2.189858), (0.356742, 0.232147, -2.605988), (0.356742, 0.395969, -3.121126)],
            6: [(0.437500, -0.794883, -1.269848), (-0.437500, -0.794883, -1.269848), (0.500000, -0.694217, -1.239619), (-0.500000, -0.694217, -1.239619), (0.546875, -0.604020, -1.166453), (-0.546875, -0.604020, -1.166453), (0.351562, -0.557557, -1.240417), (-0.351562, -0.557557, -1.240417), (0.351562, -0.657047, -1.298790), (-0.351562, -0.657047, -1.298790), (0.351562, -0.776297, -1.299434), (-0.351562, -0.776297, -1.299434), (0.273438, -0.811117, -1.296551), (-0.273438, -0.811117, -1.296551), (0.203125, -0.722627, -1.286348), (-0.203125, -0.722627, -1.286348), (0.156250, -0.640547, -1.226534), (-0.156250, -0.640547, -1.226534), (0.078125, -0.804820, -1.135805), (-0.078125, -0.804820, -1.135805), (0.140625, -0.849463, -1.209236), (-0.140625, -0.849463, -1.209236), (0.242188, -0.877873, -1.255965), (-0.242188, -0.877873, -1.255965), (0.273438, -0.951304, -1.211322), (-0.273438, -0.951304, -1.211322), (0.203125, -0.976299, -1.132124), (-0.203125, -0.976299, -1.132124), (0.156250, -0.967651, -1.027666), (-0.156250, -0.967651, -1.027666), (0.351562, -1.018172, -0.960378), (-0.351562, -1.018172, -0.960378), (0.351562, -1.017529, -1.079629), (-0.351562, -1.017529, -1.079629), (0.351562, -0.969890, -1.181736), (-0.351562, -0.969890, -1.181736), (0.437500, -0.935070, -1.184619), (-0.437500, -0.935070, -1.184619), (0.500000, -0.947890, -1.085395), (-0.500000, -0.947890, -1.085395), (0.546875, -0.931124, -0.967586), (-0.546875, -0.931124, -0.967586), (0.625000, -0.756117, -1.055698), (-0.625000, -0.756117, -1.055698), (0.562500, -0.812936, -1.149156), (-0.562500, -0.812936, -1.149156), (0.468750, -0.857580, -1.222587), (-0.468750, -0.857580, -1.222587), (0.476562, -0.865697, -1.235938), (-0.476562, -0.865697, -1.235938), (0.445312, -0.949862, -1.193912), (-0.445312, -0.949862, -1.193912), (0.351562, -0.995417, -1.193646), (-0.351562, -0.995417, -1.193646), (0.265625, -0.970155, -1.227290), (-0.265625, -0.970155, -1.227290), (0.226562, -0.890048, -1.275992), (-0.226562, -0.890048, -1.275992), (0.265625, -0.816617, -1.320636), (-0.265625, -0.816617, -1.320636), (0.351562, -0.894107, -1.282668), (-0.351562, -0.894107, -1.282668), (0.351562, -0.775122, -1.327577), (-0.351562, -0.775122, -1.327577), (0.445312, -0.796324, -1.287258), (-0.445312, -0.796324, -1.287258), (0.000000, -1.009678, -1.111832), (0.000000, -0.983507, -1.219173), (0.000000, -0.096378, -1.653484), (0.000000, -0.410014, -1.504161), (0.000000, -0.523867, -1.453804), (0.000000, -0.012165, -1.691427), (0.000000, -0.916597, -1.003847), (0.000000, -1.040550, -0.891915), (-0.000000, -0.740556, 0.233152), (-0.000000, -0.249497, 0.325763), (-0.000000, 0.170107, 0.033299), (-0.000000, 0.274574, -0.612634), (0.203125, -0.401985, -1.249963), (-0.203125, -0.401985, -1.249963), (0.312500, -0.205161, -1.385828), (-0.312500, -0.205161, -1.385828), (0.351562, 0.003697, -1.525995), (-0.351562, 0.003697, -1.525995), (0.367188, 0.183822, -1.601375), (-0.367188, 0.183822, -1.601375), (0.328125, 0.232580, -1.625105), (-0.328125, 0.232580, -1.625105), (0.179688, 0.234521, -1.663526), (-0.179688, 0.234521, -1.663526), (0.000000, 0.234465, -1.691289), (0.437500, -0.420503, -1.207330), (-0.437500, -0.420503, -1.207330), (0.632812, -0.506407, -1.171071), (-0.632812, -0.506407, -1.171071), (0.828125, -0.615147, -1.003605), (-0.828125, -0.615147, -1.003605), (0.859375, -0.932566, -0.984996), (-0.859375, -0.932566, -0.984996), (0.710938, -0.995529, -0.983288), (-0.710938, -0.995529, -0.983288), (0.492188, -1.128131, -0.975815), (-0.492188, -1.128131, -0.975815), (0.320312, -1.285994, -0.934698), (-0.320312, -1.285994, -0.934698), (0.156250, -1.264791, -0.975017), (-0.156250, -1.264791, -0.975017), (0.062500, -1.067140, -1.086039), (-0.062500, -1.067140, -1.086039), (0.164062, -1.012560, -1.146651), (-0.164062, -1.012560, -1.146651), (0.125000, -0.915043, -1.196795), (-0.125000, -0.915043, -1.196795), (0.203125, -0.723843, -1.280976), (-0.203125, -0.723843, -1.280976), (0.375000, -0.639525, -1.279403), (-0.375000, -0.639525, -1.279403), (0.492188, -0.661627, -1.232505), (-0.492188, -0.661628, -1.232505), (0.625000, -0.754104, -1.156868), (-0.625000, -0.754104, -1.156868), (0.640625, -0.847490, -1.100719), (-0.640625, -0.847490, -1.100719), (0.601562, -0.922363, -1.073486), (-0.601562, -0.922363, -1.073486), (0.429688, -1.004177, -1.087746), (-0.429688, -1.004177, -1.087746), (0.250000, -1.051172, -1.104890), (-0.250000, -1.051172, -1.104890), (0.000000, -0.026984, -1.700011), (0.109375, -0.065228, -1.674343), (-0.109375, -0.065228, -1.674343), (0.117188, 0.042177, -1.718803), (-0.117188, 0.042177, -1.718803), (0.062500, 0.088621, -1.731604), (-0.062500, 0.088621, -1.731604), (0.000000, 0.099208, -1.729480), (0.000000, -0.491237, -1.420801), (0.000000, -0.531670, -1.387462), (0.101562, -0.526201, -1.389288), (-0.101562, -0.526201, -1.389288), (0.125000, -0.468702, -1.431040), (-0.125000, -0.468702, -1.431040), (0.085938, -0.414894, -1.454626), (-0.085938, -0.414894, -1.454626), (0.398438, -0.571646, -1.281882), (-0.398438, -0.571646, -1.281882), (0.617188, -0.629970, -1.198840), (-0.617188, -0.629970, -1.198840), (0.726562, -0.743032, -1.109368), (-0.726562, -0.743032, -1.109368), (0.742188, -0.918304, -1.066810), (-0.742188, -0.918304, -1.066810), (0.687500, -0.988209, -1.106597), (-0.687500, -0.988209, -1.106597), (0.437500, -1.138220, -1.097683), (-0.437500, -1.138220, -1.097683), (0.312500, -1.238621, -1.082359), (-0.312500, -1.238621, -1.082359), (0.203125, -1.226711, -1.107886), (-0.203125, -1.226711, -1.107886), (0.101562, -1.062438, -1.198615), (-0.101562, -1.062438, -1.198615), (0.125000, -0.600152, -1.429557), (-0.125000, -0.600152, -1.429557), (0.210938, -0.273498, -1.508009), (-0.210938, -0.273498, -1.508009), (0.250000, -0.052931, -1.626971), (-0.250000, -0.052931, -1.626971), (0.265625, 0.054628, -1.671621), (-0.265625, 0.054628, -1.671621), (0.234375, 0.147647, -1.697396), (-0.234375, 0.147647, -1.697396), (0.164062, 0.160395, -1.706001), (-0.164062, 0.160395, -1.706001), (0.000000, 0.168902, -1.721005), (0.000000, -0.675703, -1.292555), (0.000000, -0.834936, -1.245497), (0.328125, -1.049731, -1.087481), (-0.328125, -1.049731, -1.087481), (0.164062, -0.767001, -1.267306), (-0.164062, -0.767001, -1.267306), (0.132812, -0.830878, -1.238822), (-0.132812, -0.830878, -1.238822), (0.117188, -0.090421, -1.657454), (-0.117188, -0.090421, -1.657454), (0.078125, -0.293711, -1.541392), (-0.078125, -0.293711, -1.541392), (0.000000, -0.293535, -1.541593), (0.000000, -0.383237, -1.474851), (0.093750, -0.447973, -1.480096), (-0.093750, -0.447973, -1.480096), (0.132812, -0.493534, -1.470744), (-0.132812, -0.493534, -1.470744), (0.109375, -0.560798, -1.412148), (-0.109375, -0.560798, -1.412148), (0.039062, -0.566769, -1.409199), (-0.039062, -0.566769, -1.409199), (0.000000, -0.528816, -1.485976), (0.046875, -0.564775, -1.446010), (-0.046875, -0.564775, -1.446010), (0.093750, -0.558603, -1.449488), (-0.093750, -0.558603, -1.449488), (0.109375, -0.510101, -1.497179), (-0.109375, -0.510101, -1.497179), (0.078125, -0.478918, -1.488765), (-0.078125, -0.478918, -1.488765), (0.000000, -0.447785, -1.507831), (0.257812, -0.297307, -1.306913), (-0.257812, -0.297307, -1.306913), (0.164062, -0.436334, -1.404079), (-0.164062, -0.436334, -1.404079), (0.179688, -0.379978, -1.439364), (-0.179688, -0.379978, -1.439364), (0.234375, -0.347548, -1.274762), (-0.234375, -0.347548, -1.274762), (0.000000, 0.086612, -1.720959), (0.046875, 0.080339, -1.716712), (-0.046875, 0.080339, -1.716712), (0.093750, 0.029597, -1.710312), (-0.093750, 0.029597, -1.710312), (0.093750, -0.042005, -1.680663), (-0.093750, -0.042005, -1.680663), (0.000000, 0.028131, -1.644359), (0.093750, -0.001648, -1.633613), (-0.093750, -0.001648, -1.633613), (0.093750, 0.062003, -1.648620), (-0.093750, 0.062003, -1.648620), (0.046875, 0.098025, -1.663613), (-0.046875, 0.098025, -1.663613), (0.000000, 0.104359, -1.667885), (0.171875, -0.849729, -1.254790), (-0.171875, -0.849729, -1.254790), (0.187500, -0.792379, -1.279985), (-0.187500, -0.792379, -1.279985), (0.335938, -1.017794, -1.125183), (-0.335938, -1.017794, -1.125183), (0.273438, -1.019236, -1.142593), (-0.273438, -1.019236, -1.142593), (0.421875, -0.999209, -1.154768), (-0.421875, -0.999209, -1.154768), (0.562500, -0.918570, -1.112363), (-0.562500, -0.918570, -1.112363), (0.585938, -0.861107, -1.138156), (-0.585938, -0.861107, -1.138156), (0.578125, -0.777091, -1.178910), (-0.578125, -0.777092, -1.178910), (0.476562, -0.719042, -1.253143), (-0.476562, -0.719042, -1.253143), (0.375000, -0.698869, -1.290932), (-0.375000, -0.698869, -1.290932), (0.226562, -0.757483, -1.306324), (-0.226562, -0.757483, -1.306324), (0.179688, -0.916485, -1.214204), (-0.179688, -0.916485, -1.214204), (0.210938, -0.983240, -1.173620), (-0.210938, -0.983240, -1.173620), (0.234375, -0.957714, -1.161709), (-0.234375, -0.957714, -1.161709), (0.195312, -0.904309, -1.194178), (-0.195312, -0.904309, -1.194178), (0.242188, -0.758601, -1.277895), (-0.242188, -0.758601, -1.277895), (0.375000, -0.710246, -1.266399), (-0.375000, -0.710246, -1.266399), (0.460938, -0.724008, -1.232138), (-0.460938, -0.724008, -1.232138), (0.546875, -0.786325, -1.164503), (-0.546875, -0.786325, -1.164503), (0.554688, -0.846314, -1.128864), (-0.554688, -0.846314, -1.128864), (0.531250, -0.897102, -1.107129), (-0.531250, -0.897102, -1.107129), (0.414062, -0.980358, -1.138800), (-0.414062, -0.980358, -1.138800), (0.281250, -0.995151, -1.148093), (-0.281250, -0.995151, -1.148093), (0.335938, -0.993709, -1.130683), (-0.335938, -0.993709, -1.130683), (0.203125, -0.793441, -1.252439), (-0.203125, -0.793441, -1.252439), (0.195312, -0.840170, -1.224029), (-0.195312, -0.840170, -1.224029), (0.109375, -0.967385, -0.982112), (-0.109375, -0.967385, -0.982112), (0.195312, -1.145008, -0.883266), (-0.195312, -1.145008, -0.883266), (0.335938, -1.152860, -0.851064), (-0.335938, -1.152860, -0.851064), (0.484375, -1.019082, -0.886681), (-0.484375, -1.019082, -0.886681), (0.679688, -0.899832, -0.886037), (-0.679688, -0.899832, -0.886037), (0.796875, -0.843544, -0.883686), (-0.796875, -0.843544, -0.883686), (0.773438, -0.591852, -0.933561), (-0.773438, -0.591852, -0.933561), (0.601562, -0.474048, -1.041073), (-0.601562, -0.474048, -1.041073), (0.437500, -0.426673, -1.128169), (-0.437500, -0.426673, -1.128169), (-0.000000, -1.174819, -0.481136), (-0.000000, -1.057500, -0.122740), (-0.000000, 0.313869, -0.250952), (0.000000, 0.012817, -1.074240), (0.000000, 0.291566, -1.591151), (0.000000, 0.214313, -1.400178), (0.000000, 0.033304, -1.248763), (0.000000, -0.017054, -1.166603), (0.851562, -0.483009, -0.619910), (-0.851562, -0.483010, -0.619910), (0.859375, -0.502358, -0.488478), (-0.859375, -0.502358, -0.488478), (0.773438, -0.234127, -0.178304), (-0.773438, -0.234127, -0.178304), (0.460938, -0.229569, 0.135035), (-0.460938, -0.229569, 0.135035), (0.734375, -0.251160, -0.767982), (-0.734375, -0.251160, -0.767982), (0.593750, -0.056978, -0.611829), (-0.593750, -0.056978, -0.611829), (0.640625, -0.007233, -0.331360), (-0.640625, -0.007233, -0.331360), (0.335938, 0.078993, -0.105613), (-0.335938, 0.078993, -0.105613), (0.234375, -0.187238, -1.201747), (-0.234375, -0.187238, -1.201747), (0.179688, -0.058951, -1.109786), (-0.179688, -0.058951, -1.109786), (0.289062, 0.117797, -1.380624), (-0.289062, 0.117797, -1.380624), (0.250000, -0.058564, -1.270096), (-0.250000, -0.058564, -1.270096), (0.328125, 0.275437, -1.505810), (-0.328125, 0.275437, -1.505810), (0.140625, 0.163494, -1.393358), (-0.140625, 0.163494, -1.393358), (0.125000, -0.012296, -1.263997), (-0.125000, -0.012296, -1.263997), (0.164062, 0.278987, -1.554794), (-0.164062, 0.278987, -1.554794), (0.218750, -0.255911, -1.184863), (-0.218750, -0.255911, -1.184863), (0.210938, -0.320664, -1.189858), (-0.210938, -0.320664, -1.189858), (0.203125, -0.381631, -1.188233), (-0.203125, -0.381631, -1.188233), (0.210938, -0.026654, -1.019380), (-0.210938, -0.026654, -1.019380), (0.296875, 0.154359, -0.630258), (-0.296875, 0.154359, -0.630258), (0.343750, 0.175874, -0.320213), (-0.343750, 0.175874, -0.320213), (0.453125, -0.799083, 0.076730), (-0.453125, -0.799083, 0.076730), (0.453125, -1.014829, -0.157825), (-0.453125, -1.014829, -0.157825), (0.453125, -1.106356, -0.458758), (-0.453125, -1.106356, -0.458758), (0.460938, -0.927444, -0.796106), (-0.460938, -0.927444, -0.796106), (0.726562, -0.778607, -0.776877), (-0.726562, -0.778607, -0.776877), (0.632812, -0.790251, -0.705796), (-0.632812, -0.790251, -0.705796), (0.640625, -0.886173, -0.382331), (-0.640625, -0.886173, -0.382331), (0.796875, -0.802539, -0.515465), (-0.796875, -0.802539, -0.515465), (0.796875, -0.723454, -0.280112), (-0.796875, -0.723454, -0.280112), (0.640625, -0.796354, -0.144361), (-0.640625, -0.796354, -0.144361), (0.640625, -0.600149, 0.036368), (-0.640625, -0.600149, 0.036368), (0.796875, -0.521502, -0.107432), (-0.796875, -0.521502, -0.107432), (0.617188, -0.203202, -0.021095), (-0.617188, -0.203201, -0.021095), (0.484375, 0.035352, -0.217977), (-0.484375, 0.035352, -0.217977), (0.820312, -0.420704, -0.345900), (-0.820312, -0.420704, -0.345900), (0.406250, -0.191378, -0.892465), (-0.406250, -0.191378, -0.892465), (0.429688, 0.028171, -0.609600), (-0.429688, 0.028171, -0.609600), (0.890625, -0.464898, -0.273925), (-0.890625, -0.464898, -0.273925), (0.773438, -0.066793, -0.654622), (-0.773438, -0.066793, -0.654622), (1.039062, 0.010940, -0.467332), (-1.039062, 0.010940, -0.467332), (1.281250, -0.063689, -0.299008), (-1.281250, -0.063689, -0.299008), (1.351562, -0.288208, -0.161783), (-1.351562, -0.288208, -0.161783), (1.234375, -0.443944, -0.060576), (-1.234375, -0.443945, -0.060576), (1.023438, -0.478352, -0.168826), (-1.023438, -0.478352, -0.168826), (1.015625, -0.439690, -0.222401), (-1.015625, -0.439690, -0.222401), (1.187500, -0.402742, -0.124552), (-1.187500, -0.402742, -0.124552), (1.265625, -0.270827, -0.191637), (-1.265625, -0.270827, -0.191637), (1.210938, -0.095791, -0.305665), (-1.210938, -0.095791, -0.305665), (1.031250, -0.053520, -0.452779), (-1.031250, -0.053520, -0.452779), (0.828125, -0.120704, -0.610647), (-0.828125, -0.120704, -0.610647), (0.921875, -0.434317, -0.312159), (-0.921875, -0.434317, -0.312159), (0.945312, -0.349695, -0.282015), (-0.945312, -0.349694, -0.282015), (0.882812, -0.117098, -0.521302), (-0.882812, -0.117098, -0.521302), (1.039062, -0.052109, -0.380163), (-1.039062, -0.052109, -0.380163), (1.187500, -0.087628, -0.264959), (-1.187500, -0.087628, -0.264959), (1.234375, -0.217288, -0.180459), (-1.234375, -0.217288, -0.180459), (1.171875, -0.312508, -0.127928), (-1.171875, -0.312508, -0.127928), (1.023438, -0.342714, -0.201588), (-1.023438, -0.342714, -0.201588), (0.843750, -0.382321, -0.358722), (-0.843750, -0.382321, -0.358723), (0.835938, -0.247019, -0.365932), (-0.835938, -0.247019, -0.365932), (0.757812, -0.180979, -0.407102), (-0.757812, -0.180979, -0.407102), (0.820312, -0.174357, -0.411205), (-0.820312, -0.174357, -0.411205), (0.843750, -0.115906, -0.449059), (-0.843750, -0.115906, -0.449059), (0.812500, -0.089824, -0.465800), (-0.812500, -0.089824, -0.465800), (0.726562, -0.213439, -0.625478), (-0.726562, -0.213439, -0.625478), (0.718750, -0.137951, -0.552929), (-0.718750, -0.137951, -0.552929), (0.718750, -0.181828, -0.507155), (-0.718750, -0.181828, -0.507155), (0.796875, -0.308226, -0.402411), (-0.796875, -0.308226, -0.402411), (0.890625, -0.310930, -0.335593), (-0.890625, -0.310930, -0.335593), (0.890625, -0.273537, -0.293318), (-0.890625, -0.273537, -0.293318), (0.812500, -0.064508, -0.427245), (-0.812500, -0.064508, -0.427245), (0.851562, -0.090471, -0.410378), (-0.851562, -0.090471, -0.410378), (0.828125, -0.142580, -0.376779), (-0.828125, -0.142580, -0.376779), (0.765625, -0.155631, -0.368397), (-0.765625, -0.155631, -0.368397), (0.843750, -0.221077, -0.326636), (-0.843750, -0.221077, -0.326636), (1.039062, -0.299769, -0.164479), (-1.039062, -0.299769, -0.164479), (1.187500, -0.274053, -0.097527), (-1.187500, -0.274053, -0.097527), (1.257812, -0.185458, -0.145935), (-1.257812, -0.185458, -0.145935), (1.210938, -0.060124, -0.236956), (-1.210938, -0.060124, -0.236956), (1.046875, -0.022676, -0.335109), (-1.046875, -0.022676, -0.335109), (0.882812, -0.094046, -0.472221), (-0.882812, -0.094046, -0.472221), (0.953125, -0.306122, -0.244280), (-0.953125, -0.306122, -0.244280), (0.890625, -0.164415, -0.353533), (-0.890625, -0.164414, -0.353533), (0.937500, -0.121014, -0.372227), (-0.937500, -0.121014, -0.372227), (1.000000, -0.156159, -0.312759), (-1.000000, -0.156159, -0.312759), (0.960938, -0.203799, -0.300528), (-0.960938, -0.203799, -0.300528), (1.015625, -0.243034, -0.247410), (-1.015625, -0.243034, -0.247410), (1.054688, -0.199644, -0.266115), (-1.054688, -0.199644, -0.266115), (1.109375, -0.214833, -0.246974), (-1.109375, -0.214833, -0.246974), (1.085938, -0.266811, -0.213277), (-1.085938, -0.266811, -0.213277), (1.023438, -0.352092, -0.046981), (-1.023438, -0.352092, -0.046981), (1.250000, -0.343683, 0.021861), (-1.250000, -0.343683, 0.021861), (1.367188, -0.226370, -0.109809), (-1.367188, -0.226370, -0.109809), (1.312500, -0.008585, -0.215100), (-1.312500, -0.008585, -0.215100), (1.039062, 0.087286, -0.323589), (-1.039062, 0.087286, -0.323589), (0.789062, 0.031447, -0.479445), (-0.789062, 0.031447, -0.479445), (0.859375, -0.361796, -0.160676), (-0.859375, -0.361795, -0.160676), (-0.356742, 0.617805, -3.522656), (-0.356742, -0.383275, -0.695003), (-0.356742, 1.197711, -3.141184), (-0.356742, -0.064009, -0.056236), (0.356742, 0.612969, -3.521005), (0.356742, -0.387079, -0.712927), (0.356742, 1.200943, -3.139364), (0.356742, -0.067688, -0.057236), (-0.356742, 0.350867, -3.161608), (-0.356742, 0.177481, -2.619350), (-0.356742, 0.360774, -2.220567), (-0.356742, 0.595190, -1.881951), (-0.356742, 0.582246, -1.653505), (-0.356742, 0.342922, -1.343887), (-0.356742, 0.142564, -1.012809), (-0.356742, -0.060499, -0.776592), (-0.356742, 0.368831, -0.255926), (-0.356742, 0.702286, -0.589959), (-0.356742, 0.976421, -0.985577), (-0.356742, 1.202052, -1.422833), (-0.356742, 1.204131, -2.067774), (-0.356742, 0.965122, -2.468755), (-0.356742, 0.782786, -2.692546), (-0.356742, 0.951674, -2.857132), (0.356742, 0.367344, -0.255521), (0.356742, 0.702103, -0.589583), (0.356742, 0.976417, -0.985234), (0.356742, 1.202056, -1.422843), (0.356742, 1.204123, -2.067782), (0.356742, 0.965114, -2.468752), (0.356742, 0.782785, -2.692520), (0.356742, 0.951878, -2.856908), (0.356742, -0.059311, -0.779973), (0.356742, 0.143220, -1.012805), (0.356742, 0.342919, -1.343888), (0.356742, 0.582249, -1.653503), (0.356742, 0.595187, -1.881949), (0.356742, 0.360795, -2.220545), (0.356742, 0.177477, -2.619288), (0.356742, 0.350423, -3.161288)],
            7: [(0.437500, -0.643522, -1.637174), (-0.437500, -0.643522, -1.637174), (0.500000, -0.551648, -1.586121), (-0.500000, -0.551648, -1.586121), (0.546875, -0.479179, -1.495363), (-0.546875, -0.479179, -1.495363), (0.351562, -0.417976, -1.557682), (-0.351562, -0.417976, -1.557682), (0.351562, -0.502686, -1.635976), (-0.351562, -0.502686, -1.635976), (0.351562, -0.619042, -1.662102), (-0.351562, -0.619042, -1.662102), (0.273438, -0.653672, -1.666730), (-0.273438, -0.653672, -1.666730), (0.203125, -0.569410, -1.637844), (-0.203125, -0.569410, -1.637844), (0.156250, -0.502015, -1.561864), (-0.156250, -0.502015, -1.561864), (0.078125, -0.681888, -1.508355), (-0.078125, -0.681888, -1.508355), (0.140625, -0.709800, -1.589633), (-0.140625, -0.709800, -1.589633), (0.242188, -0.727562, -1.641356), (-0.242188, -0.727562, -1.641356), (0.273438, -0.808840, -1.613444), (-0.273438, -0.808840, -1.613444), (0.203125, -0.850190, -1.541422), (-0.203125, -0.850190, -1.541422), (0.156250, -0.864074, -1.437530), (-0.156250, -0.864074, -1.437530), (0.351562, -0.927814, -1.382600), (-0.351562, -0.927814, -1.382600), (0.351562, -0.901689, -1.498955), (-0.351562, -0.901689, -1.498955), (0.351562, -0.833321, -1.588516), (-0.351562, -0.833321, -1.588516), (0.437500, -0.798691, -1.583889), (-0.437500, -0.798691, -1.583889), (0.500000, -0.832428, -1.489699), (-0.500000, -0.832428, -1.489699), (0.546875, -0.841237, -1.371029), (-0.546875, -0.841237, -1.371029), (0.625000, -0.651439, -1.419687), (-0.625000, -0.651439, -1.419687), (0.562500, -0.686963, -1.523133), (-0.562500, -0.686963, -1.523133), (0.468750, -0.714875, -1.604411), (-0.468750, -0.714875, -1.604411), (0.476562, -0.719950, -1.619189), (-0.476562, -0.719950, -1.619189), (0.445312, -0.811154, -1.596129), (-0.445312, -0.811154, -1.596129), (0.351562, -0.855712, -1.605608), (-0.351562, -0.855712, -1.605608), (0.265625, -0.823841, -1.633073), (-0.265625, -0.823841, -1.633073), (0.226562, -0.735174, -1.663523), (-0.226562, -0.735174, -1.663523), (0.265625, -0.653895, -1.691434), (-0.265625, -0.653895, -1.691434), (0.351562, -0.737711, -1.670912), (-0.351562, -0.737711, -1.670912), (0.351562, -0.611876, -1.689343), (-0.351562, -0.611876, -1.689343), (0.445312, -0.641209, -1.654490), (-0.445312, -0.641209, -1.654490), (-0.000000, -0.887135, -1.528735), (-0.000000, -0.838620, -1.627999), (-0.000000, 0.113882, -1.855074), (-0.000000, -0.220567, -1.776443), (-0.000000, -0.341143, -1.753033), (-0.000000, 0.203306, -1.874511), (-0.000000, -0.819294, -1.403346), (-0.000000, -0.964312, -1.320504), (-0.000000, -0.911796, -0.157312), (-0.000000, -0.441975, 0.037649), (-0.000000, 0.032113, -0.162341), (-0.000000, 0.264723, -0.770224), (0.203125, -0.265485, -1.527099), (-0.203125, -0.265485, -1.527099), (0.312500, -0.046818, -1.617061), (-0.312500, -0.046818, -1.617061), (0.351562, 0.184507, -1.710164), (-0.351562, 0.184507, -1.710164), (0.367188, 0.374790, -1.746529), (-0.367188, 0.374790, -1.746529), (0.328125, 0.426983, -1.759622), (-0.328125, 0.426983, -1.759622), (0.179688, 0.436722, -1.796565), (-0.179688, 0.436722, -1.796565), (-0.000000, 0.442360, -1.823566), (0.437500, -0.291929, -1.491407), (-0.437500, -0.291929, -1.491407), (0.632812, -0.382971, -1.476632), (-0.632812, -0.382971, -1.476632), (0.828125, -0.524841, -1.338519), (-0.828125, -0.524841, -1.338520), (0.859375, -0.838924, -1.388345), (-0.859375, -0.838924, -1.388345), (0.710938, -0.900796, -1.400139), (-0.710938, -0.900796, -1.400139), (0.492188, -1.031929, -1.421189), (-0.492188, -1.031929, -1.421189), (0.320312, -1.194933, -1.414774), (-0.320312, -1.194933, -1.414774), (0.156250, -1.165601, -1.449628), (-0.156250, -1.165601, -1.449628), (0.062500, -0.948783, -1.515824), (-0.062500, -0.948783, -1.515824), (0.164062, -0.882506, -1.563366), (-0.164062, -0.882506, -1.563366), (0.125000, -0.776523, -1.591501), (-0.125000, -0.776523, -1.591501), (0.203125, -0.571776, -1.631673), (-0.203125, -0.571776, -1.631673), (0.375000, -0.489950, -1.610145), (-0.375000, -0.489950, -1.610145), (0.492188, -0.521381, -1.570004), (-0.492188, -0.521381, -1.570004), (0.625000, -0.627829, -1.517943), (-0.625000, -0.627829, -1.517943), (0.640625, -0.731073, -1.483203), (-0.640625, -0.731073, -1.483203), (0.601562, -0.810038, -1.472607), (-0.601562, -0.810038, -1.472607), (0.429688, -0.886912, -1.504031), (-0.429688, -0.886912, -1.504031), (0.250000, -0.929155, -1.530826), (-0.250000, -0.929155, -1.530826), (-0.000000, 0.190690, -1.885915), (0.109375, 0.148278, -1.868816), (-0.109375, 0.148278, -1.868816), (0.117188, 0.261520, -1.889839), (-0.117188, 0.261520, -1.889839), (0.062500, 0.309188, -1.892720), (-0.062500, 0.309188, -1.892720), (-0.000000, 0.319024, -1.888479), (-0.000000, -0.316114, -1.714515), (-0.000000, -0.362342, -1.691053), (0.101562, -0.356768, -1.691146), (-0.101562, -0.356768, -1.691146), (0.125000, -0.292535, -1.718260), (-0.125000, -0.292535, -1.718260), (0.085938, -0.235606, -1.729178), (-0.085938, -0.235606, -1.729178), (0.398438, -0.423342, -1.597287), (-0.398438, -0.423342, -1.597287), (0.617188, -0.497619, -1.530867), (-0.617188, -0.497619, -1.530867), (0.726562, -0.627181, -1.469319), (-0.726562, -0.627181, -1.469319), (0.742188, -0.807500, -1.465218), (-0.742188, -0.807500, -1.465218), (0.687500, -0.867282, -1.519032), (-0.687500, -0.867282, -1.519032), (0.437500, -1.015731, -1.542396), (-0.437500, -1.015731, -1.542396), (0.312500, -1.117085, -1.548892), (-0.312500, -1.117085, -1.548892), (0.203125, -1.099994, -1.571282), (-0.203125, -1.099994, -1.571282), (0.101562, -0.920121, -1.624791), (-0.101562, -0.920121, -1.624791), (0.125000, -0.420038, -1.747363), (-0.125000, -0.420038, -1.747363), (0.210938, -0.087779, -1.750516), (-0.210938, -0.087779, -1.750516), (0.250000, 0.150402, -1.820133), (-0.250000, 0.150402, -1.820133), (0.265625, 0.263860, -1.841354), (-0.265625, 0.263860, -1.841354), (0.234375, 0.359379, -1.847301), (-0.234375, 0.359379, -1.847301), (0.164062, 0.373525, -1.853059), (-0.164062, 0.373525, -1.853059), (-0.000000, 0.384869, -1.865909), (-0.000000, -0.522304, -1.632812), (-0.000000, -0.687856, -1.621950), (0.328125, -0.931468, -1.513510), (-0.328125, -0.931468, -1.513510), (0.164062, -0.616826, -1.628430), (-0.164062, -0.616826, -1.628430), (0.132812, -0.685319, -1.614560), (-0.132812, -0.685319, -1.614560), (0.117188, 0.120402, -1.857630), (-0.117188, 0.120402, -1.857630), (0.078125, -0.100371, -1.787452), (-0.078125, -0.100371, -1.787452), (-0.000000, -0.100128, -1.787662), (-0.000000, -0.200716, -1.742080), (0.093750, -0.262364, -1.761199), (-0.093750, -0.262364, -1.761199), (0.132812, -0.308392, -1.762262), (-0.132812, -0.308392, -1.762262), (0.109375, -0.385778, -1.720329), (-0.109375, -0.385778, -1.720329), (0.039062, -0.392141, -1.718987), (-0.039062, -0.392141, -1.718987), (-0.000000, -0.339425, -1.784874), (0.046875, -0.382614, -1.754011), (-0.046875, -0.382614, -1.754011), (0.093750, -0.375922, -1.755945), (-0.093750, -0.375922, -1.755945), (0.109375, -0.318982, -1.791557), (-0.109375, -0.318982, -1.791557), (0.078125, -0.290511, -1.776509), (-0.078125, -0.290511, -1.776509), (-0.000000, -0.256443, -1.788125), (0.257812, -0.152301, -1.559815), (-0.257812, -0.152301, -1.559815), (0.164062, -0.266878, -1.684590), (-0.164062, -0.266878, -1.684590), (0.179688, -0.205013, -1.706592), (-0.179688, -0.205013, -1.706592), (0.234375, -0.207600, -1.539350), (-0.234375, -0.207600, -1.539350), (-0.000000, 0.305073, -1.882795), (0.046875, 0.298130, -1.879965), (-0.046875, 0.298130, -1.879965), (0.093750, 0.247593, -1.884186), (-0.093750, 0.247593, -1.884186), (0.093750, 0.172099, -1.870161), (-0.093750, 0.172099, -1.870161), (-0.000000, 0.232753, -1.820444), (0.093750, 0.201622, -1.816105), (-0.093750, 0.201622, -1.816105), (0.093750, 0.266496, -1.817616), (-0.093750, 0.266496, -1.817616), (0.046875, 0.304534, -1.824790), (-0.046875, 0.304534, -1.824790), (-0.000000, 0.311553, -1.827640), (0.171875, -0.700320, -1.634190), (-0.171875, -0.700320, -1.634190), (0.187500, -0.638908, -1.646411), (-0.187500, -0.638908, -1.646411), (0.335938, -0.892209, -1.543513), (-0.335938, -0.892209, -1.543513), (0.273438, -0.889895, -1.560828), (-0.273438, -0.889895, -1.560828), (0.421875, -0.867728, -1.568441), (-0.421875, -0.867728, -1.568441), (0.562500, -0.798021, -1.509775), (-0.562500, -0.798021, -1.509775), (0.585938, -0.736371, -1.522686), (-0.585938, -0.736371, -1.522686), (0.578125, -0.645563, -1.544261), (-0.578125, -0.645563, -1.544261), (0.476562, -0.573026, -1.602639), (-0.476562, -0.573026, -1.602639), (0.375000, -0.545351, -1.634665), (-0.375000, -0.545351, -1.634665), (0.226562, -0.599222, -1.663646), (-0.226562, -0.599222, -1.663646), (0.179688, -0.774209, -1.608816), (-0.179688, -0.774209, -1.608816), (0.210938, -0.848099, -1.583442), (-0.210938, -0.848099, -1.583442), (0.234375, -0.825709, -1.566350), (-0.234375, -0.825709, -1.566350), (0.195312, -0.766597, -1.586649), (-0.195312, -0.766597, -1.586649), (0.242188, -0.606368, -1.636057), (-0.242188, -0.606368, -1.636057), (0.375000, -0.561640, -1.613363), (-0.375000, -0.561640, -1.613363), (0.460938, -0.582331, -1.583290), (-0.460938, -0.582331, -1.583290), (0.546875, -0.657667, -1.532244), (-0.546875, -0.657667, -1.532244), (0.554688, -0.723908, -1.510446), (-0.554688, -0.723908, -1.510446), (0.531250, -0.778168, -1.500072), (-0.531250, -0.778168, -1.500072), (0.414062, -0.852727, -1.548811), (-0.414062, -0.852727, -1.548811), (0.281250, -0.865191, -1.561051), (-0.281250, -0.865191, -1.561051), (0.335938, -0.867505, -1.543736), (-0.335938, -0.867505, -1.543736), (0.203125, -0.645836, -1.619859), (-0.203125, -0.645836, -1.619859), (0.195312, -0.697559, -1.602097), (-0.195312, -0.697559, -1.602097), (0.109375, -0.873554, -1.392973), (-0.109375, -0.873554, -1.392973), (0.195312, -1.068205, -1.334389), (-0.195312, -1.068205, -1.334389), (0.335938, -1.082759, -1.304610), (-0.335938, -1.082759, -1.304610), (0.484375, -0.944460, -1.310802), (-0.484375, -0.944460, -1.310802), (0.679688, -0.828104, -1.284676), (-0.679688, -0.828104, -1.284676), (0.796875, -0.773620, -1.270345), (-0.796875, -0.773620, -1.270345), (0.773438, -0.516957, -1.264730), (-0.773438, -0.516957, -1.264730), (0.601562, -0.378865, -1.342146), (-0.601562, -0.378865, -1.342146), (0.437500, -0.314522, -1.415161), (-0.437500, -0.314522, -1.415161), (-0.000000, -1.183302, -0.947930), (-0.000000, -1.145321, -0.572737), (-0.000000, 0.232359, -0.411883), (-0.000000, 0.099168, -1.266739), (-0.000000, 0.477170, -1.714510), (-0.000000, 0.362778, -1.544511), (-0.000000, 0.155479, -1.433567), (-0.000000, 0.089480, -1.363319), (0.851562, -0.477015, -0.934447), (-0.851562, -0.477015, -0.934447), (0.859375, -0.523737, -0.810245), (-0.859375, -0.523737, -0.810245), (0.773438, -0.323910, -0.449664), (-0.773438, -0.323910, -0.449664), (0.460938, -0.383744, -0.143777), (-0.460938, -0.383744, -0.143777), (0.734375, -0.218464, -1.027111), (-0.734375, -0.218463, -1.027111), (0.593750, -0.061112, -0.834034), (-0.593750, -0.061112, -0.834034), (0.640625, -0.070289, -0.551470), (-0.640625, -0.070289, -0.551470), (0.335938, -0.030850, -0.314734), (-0.335938, -0.030850, -0.314734), (0.234375, -0.067407, -1.433820), (-0.234375, -0.067407, -1.433820), (0.179688, 0.037681, -1.316971), (-0.179688, 0.037681, -1.316971), (0.289062, 0.265309, -1.545317), (-0.289062, 0.265309, -1.545317), (0.250000, 0.071388, -1.473780), (-0.250000, 0.071388, -1.473780), (0.328125, 0.444158, -1.634906), (-0.328125, 0.444158, -1.634906), (0.140625, 0.312078, -1.548249), (-0.140625, 0.312078, -1.548249), (0.125000, 0.114565, -1.457855), (-0.125000, 0.114565, -1.457855), (0.164062, 0.457524, -1.681745), (-0.164062, 0.457524, -1.681745), (0.218750, -0.137332, -1.432080), (-0.218750, -0.137332, -1.432080), (0.210938, -0.199043, -1.450905), (-0.210938, -0.199043, -1.450905), (0.203125, -0.258530, -1.462453), (-0.203125, -0.258530, -1.462453), (0.210938, 0.050586, -1.222298), (-0.210938, 0.050586, -1.222298), (0.296875, 0.148605, -0.808430), (-0.296875, 0.148605, -0.808430), (0.343750, 0.107102, -0.503640), (-0.343750, 0.107102, -0.503640), (0.453125, -0.935527, -0.322630), (-0.453125, -0.935527, -0.322630), (0.453125, -1.096135, -0.597888), (-0.453125, -1.096135, -0.597888), (0.453125, -1.121206, -0.911432), (-0.453125, -1.121206, -0.911432), (0.460938, -0.874305, -1.202728), (-0.460938, -0.874305, -1.202728), (0.726562, -0.733021, -1.152122), (-0.726562, -0.733021, -1.152122), (0.632812, -0.759594, -1.085174), (-0.632812, -0.759594, -1.085174), (0.640625, -0.922455, -0.789697), (-0.640625, -0.922455, -0.789697), (0.796875, -0.812290, -0.901871), (-0.796875, -0.812290, -0.901871), (0.796875, -0.785353, -0.655051), (-0.796875, -0.785353, -0.655052), (0.640625, -0.885591, -0.538026), (-0.640625, -0.885591, -0.538026), (0.640625, -0.731092, -0.319023), (-0.640625, -0.731092, -0.319023), (0.796875, -0.622747, -0.442250), (-0.796875, -0.622747, -0.442250), (0.617188, -0.325878, -0.290224), (-0.617188, -0.325878, -0.290224), (0.484375, -0.051284, -0.432587), (-0.484375, -0.051284, -0.432587), (0.820312, -0.472736, -0.652753), (-0.820312, -0.472736, -0.652753), (0.406250, -0.134503, -1.134144), (-0.406250, -0.134503, -1.134144), (0.429688, 0.021689, -0.813956), (-0.429688, 0.021689, -0.813956), (0.890625, -0.529767, -0.591169), (-0.890625, -0.529767, -0.591169), (0.773438, -0.062211, -0.878088), (-0.773438, -0.062211, -0.878089), (1.039062, -0.025417, -0.680130), (-1.039062, -0.025417, -0.680130), (1.281250, -0.133003, -0.531833), (-1.281250, -0.133003, -0.531833), (1.351562, -0.380050, -0.444812), (-1.351562, -0.380050, -0.444812), (1.234375, -0.552720, -0.378630), (-1.234375, -0.552720, -0.378630), (1.023438, -0.564031, -0.491249), (-1.023438, -0.564031, -0.491249), (1.015625, -0.515394, -0.535438), (-1.015625, -0.515394, -0.535438), (1.187500, -0.499380, -0.432364), (-1.187500, -0.499380, -0.432364), (1.265625, -0.356952, -0.470266), (-1.265625, -0.356952, -0.470266), (1.210938, -0.162867, -0.544952), (-1.210938, -0.162867, -0.544952), (1.031250, -0.091173, -0.679296), (-1.031250, -0.091173, -0.679297), (0.828125, -0.123799, -0.846584), (-0.828125, -0.123799, -0.846584), (0.921875, -0.492027, -0.622036), (-0.921875, -0.492026, -0.622036), (0.945312, -0.415582, -0.574875), (-0.945312, -0.415582, -0.574875), (0.882812, -0.138806, -0.759034), (-0.882812, -0.138806, -0.759034), (1.039062, -0.104877, -0.608383), (-1.039062, -0.104877, -0.608383), (1.187500, -0.163373, -0.503660), (-1.187500, -0.163373, -0.503660), (1.234375, -0.307149, -0.448296), (-1.234375, -0.307149, -0.448296), (1.171875, -0.410814, -0.416932), (-1.171875, -0.410814, -0.416932), (1.023438, -0.425148, -0.494966), (-1.023438, -0.425148, -0.494966), (0.843750, -0.432267, -0.656945), (-0.843750, -0.432267, -0.656945), (0.835938, -0.297972, -0.635118), (-0.835938, -0.297972, -0.635118), (0.757812, -0.224832, -0.661309), (-0.757812, -0.224832, -0.661309), (0.820312, -0.217499, -0.663908), (-0.820312, -0.217499, -0.663908), (0.843750, -0.152705, -0.688601), (-0.843750, -0.152705, -0.688601), (0.812500, -0.123800, -0.699459), (-0.812500, -0.123800, -0.699459), (0.726562, -0.211173, -0.880460), (-0.726562, -0.211173, -0.880460), (0.718750, -0.152459, -0.793996), (-0.718750, -0.152459, -0.793996), (0.718750, -0.204812, -0.758730), (-0.718750, -0.204812, -0.758730), (0.796875, -0.350364, -0.683609), (-0.796875, -0.350364, -0.683609), (0.890625, -0.366823, -0.619051), (-0.890625, -0.366823, -0.619052), (0.890625, -0.338863, -0.569940), (-0.890625, -0.338863, -0.569940), (0.812500, -0.107172, -0.656739), (-0.812500, -0.107172, -0.656739), (0.851562, -0.135959, -0.645712), (-0.851562, -0.135959, -0.645712), (0.828125, -0.193726, -0.623846), (-0.828125, -0.193726, -0.623846), (0.765625, -0.208192, -0.618406), (-0.765625, -0.208192, -0.618406), (0.843750, -0.280728, -0.591411), (-0.843750, -0.280728, -0.591411), (1.039062, -0.390944, -0.449900), (-1.039062, -0.390944, -0.449900), (1.187500, -0.379655, -0.379367), (-1.187500, -0.379655, -0.379367), (1.257812, -0.283330, -0.408108), (-1.257812, -0.283330, -0.408108), (1.210938, -0.142434, -0.470723), (-1.210938, -0.142435, -0.470723), (1.046875, -0.085612, -0.558474), (-1.046875, -0.085612, -0.558474), (0.882812, -0.126574, -0.706574), (-0.882812, -0.126574, -0.706574), (0.953125, -0.380740, -0.528959), (-0.953125, -0.380740, -0.528959), (0.890625, -0.219840, -0.605770), (-0.890625, -0.219840, -0.605770), (0.937500, -0.173640, -0.614937), (-0.937500, -0.173640, -0.614937), (1.000000, -0.220247, -0.564380), (-1.000000, -0.220247, -0.564381), (0.960938, -0.269237, -0.562381), (-0.960938, -0.269237, -0.562381), (1.015625, -0.318475, -0.518833), (-1.015625, -0.318475, -0.518833), (1.054688, -0.272284, -0.528014), (-1.054688, -0.272284, -0.528014), (1.109375, -0.291039, -0.512536), (-1.109375, -0.291039, -0.512536), (1.085938, -0.348667, -0.490531), (-1.085938, -0.348667, -0.490531), (1.023438, -0.466183, -0.346373), (-1.023438, -0.466183, -0.346373), (1.250000, -0.472163, -0.277605), (-1.250000, -0.472163, -0.277605), (1.367188, -0.330605, -0.381420), (-1.367188, -0.330605, -0.381420), (1.312500, -0.096741, -0.438788), (-1.312500, -0.096741, -0.438788), (1.039062, 0.019180, -0.524536), (-1.039062, 0.019180, -0.524536), (0.789062, -0.002690, -0.687585), (-0.789062, -0.002690, -0.687585), (0.859375, -0.452064, -0.459043), (-0.859375, -0.452064, -0.459043), (-0.356742, 0.613606, -3.549936), (-0.356742, -0.358268, -0.973523), (-0.356742, 1.154744, -3.128845), (-0.356742, -0.164083, -0.293663), (0.356742, 0.607974, -3.547776), (0.356742, -0.359707, -0.995462), (0.356742, 1.158637, -3.126839), (0.356742, -0.168281, -0.295482), (-0.356742, 0.316476, -3.201039), (-0.356742, 0.137650, -2.642463), (-0.356742, 0.373333, -2.268864), (-0.356742, 0.666566, -1.968636), (-0.356742, 0.661759, -1.785992), (-0.356742, 0.393440, -1.495651), (-0.356742, 0.172386, -1.176987), (-0.356742, -0.035133, -0.973167), (-0.356742, 0.310029, -0.414658), (-0.356742, 0.689186, -0.712249), (-0.356742, 1.000215, -1.102187), (-0.356742, 1.247947, -1.542893), (-0.356742, 1.218361, -2.217697), (-0.356742, 0.916073, -2.591757), (-0.356742, 0.688829, -2.758870), (-0.356742, 0.878896, -2.871698), (0.356742, 0.308194, -0.414431), (0.356742, 0.688904, -0.711834), (0.356742, 1.000155, -1.101777), (0.356742, 1.247952, -1.542905), (0.356742, 1.218352, -2.217705), (0.356742, 0.916063, -2.591754), (0.356742, 0.688828, -2.758839), (0.356742, 0.879147, -2.871443), (0.356742, -0.033142, -0.976979), (0.356742, 0.173165, -1.176869), (0.356742, 0.393437, -1.495652), (0.356742, 0.661762, -1.785990), (0.356742, 0.666563, -1.968633), (0.356742, 0.373359, -2.268839), (0.356742, 0.137648, -2.642389), (0.356742, 0.315965, -3.200641)],
            8: [(0.437500, -0.501137, -1.930802), (-0.437500, -0.501137, -1.930802), (0.500000, -0.419646, -1.864421), (-0.500000, -0.419646, -1.864421), (0.546875, -0.364226, -1.762355), (-0.546875, -0.364226, -1.762355), (0.351562, -0.293038, -1.812968), (-0.351562, -0.293038, -1.812968), (0.351562, -0.362695, -1.904912), (-0.351562, -0.362695, -1.904912), (0.351562, -0.472662, -1.951048), (-0.351562, -0.472662, -1.951048), (0.273438, -0.505943, -1.961681), (-0.273438, -0.505943, -1.961681), (0.203125, -0.428056, -1.918458), (-0.203125, -0.428056, -1.918458), (0.156250, -0.375040, -1.831831), (-0.156250, -0.375040, -1.831831), (0.078125, -0.561511, -1.810713), (-0.078125, -0.561511, -1.810713), (0.140625, -0.574728, -1.895628), (-0.140625, -0.574728, -1.895628), (0.242188, -0.583139, -1.949665), (-0.242188, -0.583139, -1.949665), (0.273438, -0.668054, -1.936448), (-0.273438, -0.668054, -1.936448), (0.203125, -0.721400, -1.872799), (-0.203125, -0.721400, -1.872799), (0.156250, -0.753298, -1.772955), (-0.156250, -0.753298, -1.772955), (0.351562, -0.825687, -1.730061), (-0.351562, -0.825687, -1.730061), (0.351562, -0.779551, -1.840027), (-0.351562, -0.779551, -1.840027), (0.351562, -0.696529, -1.916203), (-0.351562, -0.696529, -1.916203), (0.437500, -0.663248, -1.905570), (-0.437500, -0.663248, -1.905570), (0.500000, -0.712988, -1.818762), (-0.500000, -0.712988, -1.818762), (0.546875, -0.742484, -1.703479), (-0.546875, -0.742484, -1.703479), (0.625000, -0.547092, -1.718079), (-0.625000, -0.547092, -1.718079), (0.562500, -0.563913, -1.826152), (-0.562500, -0.563913, -1.826152), (0.468750, -0.577131, -1.911067), (-0.468750, -0.577131, -1.911067), (0.476562, -0.579534, -1.926507), (-0.476562, -0.579534, -1.926507), (0.445312, -0.673370, -1.919807), (-0.445312, -0.673370, -1.919807), (0.351562, -0.715573, -1.936958), (-0.351562, -0.715573, -1.936958), (0.265625, -0.679378, -1.958405), (-0.265625, -0.679378, -1.958405), (0.226562, -0.586743, -1.972824), (-0.226562, -0.586743, -1.972824), (0.265625, -0.501828, -1.986041), (-0.265625, -0.501828, -1.986041), (0.351562, -0.587945, -1.980543), (-0.351562, -0.587945, -1.980543), (0.351562, -0.460828, -1.976609), (-0.351562, -0.460828, -1.976609), (0.445312, -0.495821, -1.947443), (-0.445312, -0.495821, -1.947443), (0.000000, -0.759997, -1.866791), (0.000000, -0.694817, -1.956002), (0.000000, 0.276841, -2.006612), (0.000000, -0.063093, -1.987889), (0.000000, -0.184715, -1.987109), (0.000000, 0.367532, -2.010397), (0.000000, -0.715211, -1.731444), (0.000000, -0.872514, -1.675333), (-0.000000, -1.024912, -0.520972), (-0.000000, -0.588564, -0.246628), (-0.000000, -0.085252, -0.363498), (-0.000000, 0.244292, -0.920789), (0.203125, -0.149758, -1.750794), (-0.203125, -0.149758, -1.750794), (0.312500, 0.079134, -1.800542), (-0.312500, 0.079134, -1.800542), (0.351562, 0.321081, -1.852383), (-0.351562, 0.321081, -1.852383), (0.367188, 0.513390, -1.855864), (-0.367188, 0.513390, -1.855864), (0.328125, 0.566670, -1.859885), (-0.328125, 0.566670, -1.859885), (0.179688, 0.582434, -1.894419), (-0.179688, 0.582434, -1.894419), (0.000000, 0.592522, -1.919915), (0.437500, -0.181365, -1.721880), (-0.437500, -0.181365, -1.721880), (0.632812, -0.272996, -1.725123), (-0.632812, -0.272996, -1.725123), (0.828125, -0.436685, -1.615843), (-0.828125, -0.436685, -1.615843), (0.859375, -0.737167, -1.720120), (-0.859375, -0.737167, -1.720120), (0.710938, -0.796010, -1.742587), (-0.710938, -0.796010, -1.742587), (0.492188, -0.921416, -1.786320), (-0.492188, -0.921416, -1.786320), (0.320312, -1.083016, -1.808606), (-0.320312, -1.083016, -1.808606), (0.156250, -1.048024, -1.837772), (-0.156250, -1.048024, -1.837772), (0.062500, -0.822955, -1.864898), (-0.062500, -0.822955, -1.864898), (0.164062, -0.749364, -1.900072), (-0.164062, -0.749364, -1.900072), (0.125000, -0.640089, -1.909174), (-0.125000, -0.640089, -1.909174), (0.203125, -0.431537, -1.911844), (-0.203125, -0.431537, -1.911844), (0.375000, -0.354997, -1.874715), (-0.375000, -0.354997, -1.874715), (0.492188, -0.392798, -1.841470), (-0.492188, -0.392798, -1.841469), (0.625000, -0.506603, -1.810551), (-0.625000, -0.506603, -1.810551), (0.640625, -0.614346, -1.794583), (-0.640625, -0.614346, -1.794583), (0.601562, -0.693944, -1.798006), (-0.601562, -0.693944, -1.798006), (0.429688, -0.764112, -1.842431), (-0.429688, -0.764112, -1.842431), (0.250000, -0.800998, -1.876222), (-0.250000, -0.800998, -1.876222), (0.000000, 0.357126, -2.023715), (0.109375, 0.312717, -2.014144), (-0.109375, 0.312717, -2.014144), (0.117188, 0.426955, -2.015462), (-0.117188, 0.426955, -2.015462), (0.062500, 0.474046, -2.010200), (-0.062500, 0.474046, -2.010200), (0.000000, 0.482947, -2.004379), (0.000000, -0.166635, -1.945351), (0.000000, -0.215924, -1.930723), (0.101562, -0.210569, -1.929422), (-0.101562, -0.210569, -1.929422), (0.125000, -0.143324, -1.943763), (-0.125000, -0.143324, -1.943763), (0.085938, -0.085932, -1.944049), (-0.085938, -0.085932, -1.944049), (0.398438, -0.291895, -1.849758), (-0.398438, -0.291895, -1.849758), (0.617188, -0.376224, -1.799186), (-0.617188, -0.376224, -1.799186), (0.726562, -0.514502, -1.762684), (-0.726562, -0.514502, -1.762684), (0.742188, -0.692743, -1.790287), (-0.742188, -0.692743, -1.790287), (0.687500, -0.742155, -1.853755), (-0.687500, -0.742155, -1.853755), (0.437500, -0.884201, -1.902804), (-0.437500, -0.884201, -1.902804), (0.312500, -0.982844, -1.926983), (-0.312500, -0.982844, -1.926983), (0.203125, -0.962088, -1.946027), (-0.203125, -0.962088, -1.946027), (0.101562, -0.775617, -1.967145), (-0.101562, -0.775617, -1.967145), (0.125000, -0.262661, -1.996715), (-0.125000, -0.262661, -1.996715), (0.210938, 0.061941, -1.938713), (-0.210938, 0.061941, -1.938713), (0.250000, 0.306468, -1.966015), (-0.250000, 0.306468, -1.966015), (0.265625, 0.420974, -1.967527), (-0.265625, 0.420974, -1.967527), (0.234375, 0.515386, -1.957183), (-0.234375, 0.515386, -1.957183), (0.164062, 0.530207, -1.960438), (-0.164062, 0.530207, -1.960438), (0.000000, 0.543489, -1.971113), (0.000000, -0.382654, -1.904384), (0.000000, -0.547454, -1.923593), (0.328125, -0.806314, -1.859581), (-0.328125, -0.806314, -1.859581), (0.164062, -0.476399, -1.917269), (-0.164062, -0.476399, -1.917269), (0.132812, -0.546253, -1.915874), (-0.132812, -0.546253, -1.915874), (0.117188, 0.283586, -2.007950), (-0.117188, 0.283586, -2.007950), (0.078125, 0.056039, -1.977289), (-0.078125, 0.056039, -1.977289), (0.000000, 0.056340, -1.977491), (0.000000, -0.049613, -1.950572), (0.093750, -0.106565, -1.980319), (-0.093750, -0.106565, -1.980319), (0.132812, -0.151287, -1.989792), (-0.132812, -0.151287, -1.989792), (0.109375, -0.234109, -1.962805), (-0.109375, -0.234109, -1.962805), (0.039062, -0.240517, -1.962809), (-0.039062, -0.240517, -1.962809), (0.000000, -0.177721, -2.017645), (0.046875, -0.225247, -1.995216), (-0.046875, -0.225247, -1.995216), (0.093750, -0.218391, -1.995833), (-0.093750, -0.218391, -1.995833), (0.109375, -0.156623, -2.020437), (-0.109375, -0.156623, -2.020437), (0.078125, -0.131394, -2.000504), (-0.078125, -0.131394, -2.000504), (0.000000, -0.096169, -2.005692), (0.257812, -0.033618, -1.762756), (-0.257812, -0.033618, -1.762756), (0.164062, -0.124147, -1.905789), (-0.164062, -0.124147, -1.905789), (0.179688, -0.059987, -1.916284), (-0.179688, -0.059987, -1.916284), (0.234375, -0.091115, -1.752449), (-0.234375, -0.091115, -1.752449), (0.000000, 0.468355, -2.001182), (0.046875, 0.461097, -1.999591), (-0.046875, 0.461097, -1.999591), (0.093750, 0.412394, -2.012297), (-0.093750, 0.412394, -2.012297), (0.093750, 0.336235, -2.011407), (-0.093750, 0.336235, -2.011407), (0.000000, 0.387173, -1.952423), (0.093750, 0.355963, -1.953436), (-0.093750, 0.355963, -1.953436), (0.093750, 0.419698, -1.943929), (-0.093750, 0.419698, -1.943929), (0.046875, 0.458126, -1.944517), (-0.046875, 0.458126, -1.944517), (0.000000, 0.465472, -1.946119), (0.171875, -0.557577, -1.937831), (-0.171875, -0.557577, -1.937831), (0.187500, -0.494977, -1.938980), (-0.187500, -0.494977, -1.938980), (0.335938, -0.762400, -1.882230), (-0.335938, -0.762400, -1.882230), (0.273438, -0.757084, -1.898871), (-0.273438, -0.757084, -1.898871), (0.421875, -0.733925, -1.902475), (-0.421875, -0.733925, -1.902475), (0.562500, -0.675592, -1.832489), (-0.562500, -0.675592, -1.832489), (0.585938, -0.612634, -1.834382), (-0.585938, -0.612634, -1.834382), (0.578125, -0.519441, -1.839466), (-0.578125, -0.519441, -1.839466), (0.476562, -0.437885, -1.882819), (-0.476562, -0.437885, -1.882819), (0.375000, -0.405130, -1.909030), (-0.375000, -0.405130, -1.909030), (0.226562, -0.452948, -1.948152), (-0.226562, -0.452948, -1.948152), (0.179688, -0.634773, -1.925815), (-0.179688, -0.634773, -1.925815), (0.210938, -0.711968, -1.913800), (-0.210938, -0.711968, -1.913800), (0.234375, -0.692924, -1.893044), (-0.234375, -0.692924, -1.893044), (0.195312, -0.631168, -1.902656), (-0.195312, -0.631168, -1.902656), (0.242188, -0.464808, -1.922197), (-0.242188, -0.464808, -1.922197), (0.375000, -0.424839, -1.891101), (-0.375000, -0.424839, -1.891101), (0.460938, -0.450407, -1.865488), (-0.460938, -0.450407, -1.865488), (0.546875, -0.533466, -1.829828), (-0.546875, -0.533466, -1.829828), (0.554688, -0.602511, -1.820145), (-0.554688, -0.602511, -1.820145), (0.531250, -0.657750, -1.819453), (-0.531250, -0.657750, -1.819453), (0.414062, -0.722601, -1.880518), (-0.414062, -0.722601, -1.880518), (0.281250, -0.732724, -1.894756), (-0.281250, -0.732724, -1.894756), (0.335938, -0.738040, -1.878115), (-0.335938, -0.738040, -1.878115), (0.203125, -0.506453, -1.914162), (-0.203125, -0.506453, -1.914162), (0.195312, -0.560490, -1.905751), (-0.195312, -0.560490, -1.905751), (0.109375, -0.770449, -1.730752), (-0.109375, -0.770449, -1.730752), (0.195312, -0.972358, -1.707231), (-0.195312, -0.972358, -1.707231), (0.335938, -0.991912, -1.680468), (-0.335938, -0.991912, -1.680468), (0.484375, -0.854672, -1.662297), (-0.484375, -0.854672, -1.662297), (0.679688, -0.744706, -1.616161), (-0.679688, -0.744706, -1.616161), (0.796875, -0.693582, -1.592492), (-0.796875, -0.693582, -1.592492), (0.773438, -0.441803, -1.541502), (-0.773438, -0.441803, -1.541502), (0.601562, -0.292338, -1.591527), (-0.601562, -0.292338, -1.591527), (0.437500, -0.216706, -1.650576), (-0.437500, -0.216706, -1.650576), (0.000000, -1.153479, -1.346964), (-0.000000, -1.181921, -0.970927), (-0.000000, 0.154990, -0.576168), (0.000000, 0.161141, -1.430589), (0.000000, 0.608047, -1.807214), (0.000000, 0.467141, -1.659886), (0.000000, 0.245058, -1.585569), (0.000000, 0.168342, -1.527354), (0.851562, -0.459911, -1.208812), (-0.851562, -0.459911, -1.208812), (0.859375, -0.527474, -1.094769), (-0.859375, -0.527474, -1.094769), (0.773438, -0.390703, -0.704380), (-0.773438, -0.390703, -0.704380), (0.460938, -0.501051, -0.414588), (-0.460938, -0.501051, -0.414588), (0.734375, -0.188875, -1.252709), (-0.734375, -0.188875, -1.252709), (0.593750, -0.066962, -1.035771), (-0.593750, -0.066962, -1.035771), (0.640625, -0.123728, -0.760778), (-0.640625, -0.123728, -0.760778), (0.335938, -0.123555, -0.522460), (-0.335938, -0.123555, -0.522460), (0.234375, 0.027743, -1.624045), (-0.234375, 0.027743, -1.624045), (0.179688, 0.110252, -1.490925), (-0.179688, 0.110252, -1.490925), (0.289062, 0.372102, -1.677158), (-0.289062, 0.372102, -1.677158), (0.250000, 0.170199, -1.639656), (-0.250000, 0.170199, -1.639656), (0.328125, 0.562391, -1.734854), (-0.328125, 0.562391, -1.734854), (0.140625, 0.418191, -1.672070), (-0.140625, 0.418191, -1.672070), (0.125000, 0.209329, -1.616368), (-0.125000, 0.209329, -1.616368), (0.164062, 0.583294, -1.778439), (-0.164062, 0.583294, -1.778439), (0.218750, -0.040778, -1.634629), (-0.218750, -0.040778, -1.634629), (0.210938, -0.097840, -1.664054), (-0.210938, -0.097839, -1.664054), (0.203125, -0.154037, -1.685927), (-0.203125, -0.154037, -1.685927), (0.210938, 0.106918, -1.395873), (-0.210938, 0.106918, -1.395873), (0.296875, 0.134524, -0.975063), (-0.296875, 0.134524, -0.975063), (0.343750, 0.043328, -0.684313), (-0.343750, 0.043328, -0.684313), (0.453125, -1.019267, -0.687889), (-0.453125, -1.019267, -0.687889), (0.453125, -1.129086, -0.987058), (-0.453125, -1.129086, -0.987058), (0.453125, -1.098751, -1.300136), (-0.453125, -1.098751, -1.300136), (0.460938, -0.804569, -1.543590), (-0.460938, -0.804569, -1.543590), (0.726562, -0.674357, -1.468979), (-0.726562, -0.674357, -1.468979), (0.632812, -0.712264, -1.407733), (-0.632812, -0.712264, -1.407733), (0.640625, -0.924444, -1.145416), (-0.640625, -0.924444, -1.145416), (0.796875, -0.796306, -1.236520), (-0.796875, -0.796306, -1.236520), (0.796875, -0.813094, -0.988803), (-0.796875, -0.813094, -0.988803), (0.640625, -0.932311, -0.891181), (-0.640625, -0.932311, -0.891181), (0.640625, -0.817469, -0.648006), (-0.640625, -0.817469, -0.648006), (0.796875, -0.688576, -0.749932), (-0.796875, -0.688576, -0.749932), (0.617188, -0.419433, -0.548307), (-0.617188, -0.419433, -0.548307), (0.484375, -0.124512, -0.641137), (-0.484375, -0.124512, -0.641137), (0.820312, -0.503539, -0.930098), (-0.820312, -0.503539, -0.930099), (0.406250, -0.088354, -1.341944), (-0.406250, -0.088354, -1.341944), (0.429688, 0.011121, -1.001718), (-0.429688, 0.011121, -1.001718), (0.890625, -0.569282, -0.878838), (-0.890625, -0.569282, -0.878838), (0.773438, -0.060840, -1.079483), (-0.773438, -0.060840, -1.079483), (1.039062, -0.058565, -0.879412), (-1.039062, -0.058565, -0.879412), (1.281250, -0.189442, -0.752390), (-1.281250, -0.189442, -0.752390), (1.351562, -0.446653, -0.709222), (-1.351562, -0.446653, -0.709222), (1.234375, -0.627389, -0.673829), (-1.234375, -0.627389, -0.673829), (1.023438, -0.619463, -0.786326), (-1.023438, -0.619463, -0.786326), (1.015625, -0.564296, -0.821414), (-1.015625, -0.564296, -0.821414), (1.187500, -0.565922, -0.717429), (-1.187500, -0.565922, -0.717429), (1.265625, -0.419662, -0.730244), (-1.265625, -0.419662, -0.730243), (1.210938, -0.216493, -0.770344), (-1.210938, -0.216493, -0.770344), (1.031250, -0.123199, -0.889797), (-1.031250, -0.123199, -0.889797), (0.828125, -0.126618, -1.059196), (-0.828125, -0.126618, -1.059196), (0.921875, -0.526958, -0.902659), (-0.921875, -0.526958, -0.902659), (0.945312, -0.459779, -0.843115), (-0.945312, -0.459779, -0.843115), (0.882812, -0.156274, -0.976020), (-0.882812, -0.156274, -0.976020), (1.039062, -0.148763, -0.822634), (-1.039062, -0.148763, -0.822634), (1.187500, -0.224047, -0.729948), (-1.187500, -0.224047, -0.729948), (1.234375, -0.374559, -0.700200), (-1.234375, -0.374559, -0.700200), (1.171875, -0.481662, -0.687162), (-1.171875, -0.481662, -0.687162), (1.023438, -0.482560, -0.766215), (-1.023438, -0.482560, -0.766215), (0.843750, -0.462779, -0.927013), (-0.843750, -0.462779, -0.927013), (0.835938, -0.333928, -0.881986), (-0.835938, -0.333928, -0.881986), (0.757812, -0.257464, -0.895020), (-0.757812, -0.257464, -0.895019), (0.820312, -0.249799, -0.896297), (-0.820312, -0.249799, -0.896297), (0.843750, -0.181992, -0.909424), (-0.843750, -0.181992, -0.909424), (0.812500, -0.151750, -0.915112), (-0.812500, -0.151750, -0.915112), (0.726562, -0.206671, -1.107521), (-0.726562, -0.206671, -1.107521), (0.718750, -0.163630, -1.012520), (-0.718750, -0.163630, -1.012520), (0.718750, -0.221118, -0.987032), (-0.718750, -0.221118, -0.987032), (0.796875, -0.377330, -0.938745), (-0.796875, -0.377330, -0.938745), (0.890625, -0.404478, -0.878172), (-0.890625, -0.404478, -0.878172), (0.890625, -0.385183, -0.825044), (-0.890625, -0.385183, -0.825044), (0.812500, -0.142749, -0.870420), (-0.812500, -0.142749, -0.870420), (0.851562, -0.172881, -0.864526), (-0.851562, -0.172881, -0.864526), (0.828125, -0.233337, -0.852974), (-0.828125, -0.233337, -0.852974), (0.765625, -0.248475, -0.850119), (-0.765625, -0.248475, -0.850119), (0.843750, -0.324367, -0.836103), (-0.843750, -0.324367, -0.836103), (1.039062, -0.456630, -0.716135), (-1.039062, -0.456630, -0.716135), (1.187500, -0.457488, -0.644996), (-1.187500, -0.457488, -0.644996), (1.257812, -0.358061, -0.656729), (-1.257812, -0.358061, -0.656729), (1.210938, -0.209154, -0.694088), (-1.210938, -0.209154, -0.694088), (1.046875, -0.138422, -0.770433), (-1.046875, -0.138422, -0.770433), (0.882812, -0.153254, -0.922555), (-0.882812, -0.153254, -0.922555), (0.953125, -0.433247, -0.791995), (-0.953125, -0.433247, -0.791995), (0.890625, -0.262070, -0.839724), (-0.890625, -0.262070, -0.839724), (0.937500, -0.215127, -0.840799), (-0.937500, -0.215127, -0.840799), (1.000000, -0.269526, -0.799206), (-1.000000, -0.269526, -0.799206), (0.960938, -0.317984, -0.805636), (-0.960938, -0.317984, -0.805636), (1.015625, -0.373740, -0.771348), (-1.015625, -0.373740, -0.771348), (1.054688, -0.326806, -0.772440), (-1.054688, -0.326806, -0.772440), (1.109375, -0.347844, -0.760463), (-1.109375, -0.347844, -0.760463), (1.085938, -0.408163, -0.748739), (-1.085938, -0.408163, -0.748739), (1.023438, -0.548061, -0.627434), (-1.023438, -0.548061, -0.627434), (1.250000, -0.565581, -0.560987), (-1.250000, -0.565581, -0.560987), (1.367188, -0.408956, -0.638618), (-1.367188, -0.408956, -0.638618), (1.312500, -0.169741, -0.654980), (-1.312500, -0.169741, -0.654980), (1.039062, -0.041312, -0.719307), (-1.039062, -0.041313, -0.719307), (0.789062, -0.034798, -0.882767), (-0.789062, -0.034798, -0.882767), (0.859375, -0.514982, -0.735526), (-0.859375, -0.514982, -0.735526), (-0.356742, 0.613218, -3.572156), (-0.356742, -0.332386, -1.215790), (-0.356742, 1.119557, -3.120337), (-0.356742, -0.244807, -0.521704), (0.356742, 0.607036, -3.569602), (0.356742, -0.331075, -1.240617), (0.356742, 1.123930, -3.118224), (0.356742, -0.249278, -0.524307), (-0.356742, 0.293525, -3.235564), (-0.356742, 0.110936, -2.669886), (-0.356742, 0.382631, -2.321107), (-0.356742, 0.715960, -2.055448), (-0.356742, 0.714116, -1.910572), (-0.356742, 0.422890, -1.637102), (-0.356742, 0.184792, -1.329282), (-0.356742, -0.022509, -1.150183), (-0.356742, 0.250804, -0.572215), (-0.356742, 0.663357, -0.833705), (-0.356742, 1.003739, -1.215324), (-0.356742, 1.269011, -1.655216), (-0.356742, 1.216112, -2.346330), (-0.356742, 0.869945, -2.694116), (-0.356742, 0.613147, -2.814209), (-0.356742, 0.820853, -2.886061), (0.356742, 0.248714, -0.572206), (0.356742, 0.662984, -0.833277), (0.356742, 1.003620, -1.214870), (0.356742, 1.269015, -1.655230), (0.356742, 1.216101, -2.346339), (0.356742, 0.869935, -2.694112), (0.356742, 0.613147, -2.814175), (0.356742, 0.821139, -2.885785), (0.356742, -0.019764, -1.154197), (0.356742, 0.185651, -1.329045), (0.356742, 0.422886, -1.637103), (0.356742, 0.714119, -1.910570), (0.356742, 0.715958, -2.055445), (0.356742, 0.382660, -2.321079), (0.356742, 0.110935, -2.669804), (0.356742, 0.292970, -3.235109)],
            9: [(0.437500, -0.399100, -2.119921), (-0.437500, -0.399100, -2.119921), (0.500000, -0.326050, -2.044349), (-0.500000, -0.326050, -2.044349), (0.546875, -0.283118, -1.936434), (-0.546875, -0.283118, -1.936434), (0.351562, -0.206434, -1.978254), (-0.351562, -0.206434, -1.978254), (0.351562, -0.264703, -2.077805), (-0.351562, -0.264703, -2.077805), (0.351562, -0.368426, -2.136649), (-0.351562, -0.368426, -2.136649), (0.273438, -0.400213, -2.151151), (-0.273438, -0.400213, -2.151151), (0.203125, -0.327998, -2.099002), (-0.203125, -0.327998, -2.099002), (0.156250, -0.285622, -2.006702), (-0.156250, -0.285622, -2.006702), (0.078125, -0.473282, -2.007833), (-0.078125, -0.473282, -2.007833), (0.140625, -0.476341, -2.093717), (-0.140625, -0.476341, -2.093717), (0.242188, -0.478288, -2.148369), (-0.242188, -0.478288, -2.148369), (0.273438, -0.564171, -2.145309), (-0.273438, -0.564171, -2.145309), (0.203125, -0.624685, -2.088431), (-0.203125, -0.624685, -2.088431), (0.156250, -0.668191, -1.993072), (-0.156250, -0.668191, -1.993072), (0.351562, -0.745155, -1.959060), (-0.351562, -0.745155, -1.959060), (0.351562, -0.686311, -2.062783), (-0.351562, -0.686311, -2.062783), (0.351562, -0.594845, -2.128581), (-0.351562, -0.594845, -2.128581), (0.437500, -0.563058, -2.114079), (-0.437500, -0.563058, -2.114079), (0.500000, -0.622738, -2.033778), (-0.500000, -0.622738, -2.033778), (0.546875, -0.665688, -1.922804), (-0.546875, -0.665688, -1.922804), (0.625000, -0.469943, -1.914143), (-0.625000, -0.469943, -1.914143), (0.562500, -0.473837, -2.023448), (-0.562500, -0.473837, -2.023448), (0.468750, -0.476897, -2.109332), (-0.468750, -0.476897, -2.109332), (0.476562, -0.477454, -2.124947), (-0.476562, -0.477454, -2.124947), (0.445312, -0.571422, -2.129416), (-0.445312, -0.571422, -2.129416), (0.351562, -0.611295, -2.151448), (-0.351562, -0.611295, -2.151448), (0.265625, -0.572813, -2.168454), (-0.265625, -0.572813, -2.168454), (0.226562, -0.479123, -2.171792), (-0.226562, -0.479123, -2.171792), (0.265625, -0.393240, -2.174852), (-0.265625, -0.393240, -2.174852), (0.351562, -0.479401, -2.179599), (-0.351562, -0.479401, -2.179599), (0.351562, -0.353646, -2.160628), (-0.351562, -0.353646, -2.160628), (0.445312, -0.391849, -2.135814), (-0.445312, -0.391849, -2.135814), (-0.000000, -0.663722, -2.087040), (-0.000000, -0.588429, -2.167897), (-0.000000, 0.378361, -2.099210), (-0.000000, 0.040683, -2.120865), (-0.000000, -0.079365, -2.135226), (-0.000000, 0.468364, -2.092457), (-0.000000, -0.635293, -1.947339), (-0.000000, -0.798138, -1.910267), (-0.000000, -1.086276, -0.782105), (-0.000000, -0.680180, -0.457882), (-0.000000, -0.165529, -0.516361), (-0.000000, 0.223667, -1.030525), (0.203125, -0.072595, -1.896026), (-0.203125, -0.072595, -1.896026), (0.312500, 0.159131, -1.918028), (-0.312500, 0.159131, -1.918028), (0.351562, 0.404114, -1.941372), (-0.351562, 0.404114, -1.941372), (0.367188, 0.594564, -1.922767), (-0.367188, 0.594564, -1.922767), (0.328125, 0.647682, -1.920643), (-0.328125, 0.647682, -1.920643), (0.179688, 0.667223, -1.952986), (-0.179688, 0.667223, -1.952986), (-0.000000, 0.680125, -1.977045), (0.437500, -0.106923, -1.872104), (-0.437500, -0.106923, -1.872104), (0.632812, -0.197105, -1.887384), (-0.632812, -0.197105, -1.887384), (0.828125, -0.372424, -1.799467), (-0.828125, -0.372424, -1.799467), (0.859375, -0.658437, -1.938697), (-0.859375, -0.658437, -1.938697), (0.710938, -0.714203, -1.967980), (-0.710938, -0.714203, -1.967980), (0.492188, -0.833541, -2.026268), (-0.492188, -0.833541, -2.026268), (0.320312, -0.991361, -2.067549), (-0.320312, -0.991361, -2.067549), (0.156250, -0.953158, -2.092363), (-0.156250, -0.953158, -2.092363), (0.062500, -0.726461, -2.092623), (-0.062500, -0.726461, -2.092623), (0.164062, -0.649220, -2.118827), (-0.164062, -0.649220, -2.118827), (0.125000, -0.539636, -2.114913), (-0.125000, -0.539636, -2.114913), (0.203125, -0.332297, -2.092214), (-0.203125, -0.332297, -2.092214), (0.375000, -0.260880, -2.045228), (-0.375000, -0.260880, -2.045228), (0.492188, -0.302220, -2.017199), (-0.492188, -0.302220, -2.017199), (0.625000, -0.418779, -2.001086), (-0.625000, -0.418779, -2.001086), (0.640625, -0.527656, -1.998079), (-0.640625, -0.527656, -1.998079), (0.601562, -0.606288, -2.010912), (-0.601562, -0.606288, -2.010912), (0.429688, -0.670695, -2.063340), (-0.429688, -0.670695, -2.063340), (0.250000, -0.703317, -2.101264), (-0.250000, -0.703317, -2.101264), (-0.000000, 0.459617, -2.106833), (0.109375, 0.414614, -2.102469), (-0.109375, 0.414614, -2.102469), (0.117188, 0.527587, -2.090579), (-0.117188, 0.527587, -2.090579), (0.062500, 0.573498, -2.079953), (-0.062500, 0.573498, -2.079953), (-0.000000, 0.581622, -2.073173), (-0.000000, -0.066222, -2.091985), (-0.000000, -0.116667, -2.083536), (0.101562, -0.111609, -2.081336), (-0.101562, -0.111609, -2.081336), (0.125000, -0.043652, -2.086898), (-0.125000, -0.043652, -2.086898), (0.085938, 0.012983, -2.080072), (-0.085938, 0.012983, -2.080072), (0.398438, -0.201333, -2.012566), (-0.398438, -0.201333, -2.012566), (0.617188, -0.290736, -1.973526), (-0.617188, -0.290736, -1.973526), (0.726562, -0.432296, -1.954571), (-0.726562, -0.432296, -1.954571), (0.742188, -0.606010, -2.003105), (-0.742188, -0.606010, -2.003105), (0.687500, -0.647551, -2.071981), (-0.687500, -0.647551, -2.071981), (0.437500, -0.782783, -2.137520), (-0.437500, -0.782783, -2.137520), (0.312500, -0.877864, -2.173220), (-0.312500, -0.877864, -2.173220), (0.203125, -0.854998, -2.189670), (-0.203125, -0.854998, -2.189670), (0.101562, -0.667338, -2.188539), (-0.101562, -0.667338, -2.188539), (0.125000, -0.155124, -2.154887), (-0.125000, -0.155124, -2.154887), (0.210938, 0.158241, -2.057000), (-0.210938, 0.158241, -2.057000), (0.250000, 0.402842, -2.055531), (-0.250000, 0.402842, -2.055531), (0.265625, 0.516119, -2.043826), (-0.265625, 0.516119, -2.043826), (0.234375, 0.608203, -2.022748), (-0.234375, 0.608203, -2.022748), (0.164062, 0.623229, -2.024270), (-0.164062, 0.623229, -2.024270), (-0.000000, 0.637590, -2.033308), (-0.000000, -0.284655, -2.079078), (-0.000000, -0.445945, -2.118252), (0.328125, -0.710568, -2.085371), (-0.328125, -0.710568, -2.085371), (0.164062, -0.376150, -2.103390), (-0.164062, -0.376150, -2.103390), (0.132812, -0.445667, -2.110445), (-0.132812, -0.445667, -2.110445), (0.117188, 0.385137, -2.099718), (-0.117188, 0.385137, -2.099718), (0.078125, 0.156962, -2.096005), (-0.078125, 0.156962, -2.096005), (-0.000000, 0.157302, -2.096196), (-0.000000, 0.049624, -2.082211), (0.093750, -0.003144, -2.118564), (-0.093750, -0.003144, -2.118564), (0.132812, -0.046154, -2.133498), (-0.132812, -0.046154, -2.133498), (0.109375, -0.131100, -2.116984), (-0.109375, -0.131100, -2.116984), (0.039062, -0.137398, -2.117885), (-0.039062, -0.137398, -2.117885), (-0.000000, -0.068999, -2.164384), (0.046875, -0.118571, -2.147990), (-0.046875, -0.118571, -2.147990), (0.093750, -0.111738, -2.147717), (-0.093750, -0.111738, -2.147717), (0.109375, -0.047854, -2.164524), (-0.109375, -0.047854, -2.164524), (0.078125, -0.025274, -2.141662), (-0.078125, -0.025274, -2.141662), (-0.000000, 0.010078, -2.142464), (0.257812, 0.043455, -1.893897), (-0.257812, 0.043455, -1.893897), (0.164062, -0.029232, -2.046704), (-0.164062, -0.029232, -2.046704), (0.179688, 0.035311, -2.049324), (-0.179688, 0.035311, -2.049324), (0.234375, -0.014501, -1.890560), (-0.234375, -0.014501, -1.890560), (-0.000000, 0.566848, -2.071692), (0.046875, 0.559501, -2.070958), (-0.046875, 0.559501, -2.070958), (0.093750, 0.512848, -2.089131), (-0.093750, 0.512848, -2.089131), (0.093750, 0.437531, -2.097046), (-0.093750, 0.437531, -2.097046), (-0.000000, 0.481094, -2.032842), (0.093750, 0.450354, -2.037426), (-0.093750, 0.450354, -2.037426), (0.093750, 0.512254, -2.020697), (-0.093750, 0.512254, -2.020697), (0.046875, 0.550299, -2.016863), (-0.046875, 0.550299, -2.016863), (-0.000000, 0.557740, -2.017603), (0.171875, -0.454309, -2.133589), (-0.171875, -0.454309, -2.133589), (0.187500, -0.392019, -2.127241), (-0.187500, -0.392019, -2.127241), (0.335938, -0.664278, -2.102655), (-0.335938, -0.664278, -2.102655), (0.273438, -0.657027, -2.118548), (-0.273438, -0.657027, -2.118548), (0.421875, -0.633604, -2.119383), (-0.421875, -0.633604, -2.119383), (0.562500, -0.583978, -2.042977), (-0.562500, -0.583978, -2.042977), (0.585938, -0.521239, -2.037395), (-0.585938, -0.521239, -2.037395), (0.578125, -0.428099, -2.031250), (-0.578125, -0.428099, -2.031250), (0.476562, -0.342065, -2.063705), (-0.476562, -0.342065, -2.063705), (0.375000, -0.306515, -2.085545), (-0.375000, -0.306515, -2.085545), (0.226562, -0.349255, -2.130813), (-0.226562, -0.349255, -2.130813), (0.179688, -0.532385, -2.130807), (-0.179688, -0.532385, -2.130807), (0.210938, -0.610460, -2.128025), (-0.210938, -0.610460, -2.128025), (0.234375, -0.594010, -2.105159), (-0.234375, -0.594010, -2.105159), (0.195312, -0.531550, -2.107384), (-0.195312, -0.531550, -2.107384), (0.242188, -0.364097, -2.106415), (-0.242188, -0.364097, -2.106415), (0.375000, -0.328163, -2.070200), (-0.375000, -0.328163, -2.070200), (0.460938, -0.356529, -2.048038), (-0.460938, -0.356529, -2.048038), (0.546875, -0.443166, -2.023386), (-0.546875, -0.443166, -2.023386), (0.554688, -0.512875, -2.022058), (-0.554688, -0.512875, -2.022058), (0.531250, -0.567806, -2.027918), (-0.531250, -0.567806, -2.027918), (0.414062, -0.624963, -2.096239), (-0.414062, -0.624963, -2.096239), (0.281250, -0.633326, -2.111576), (-0.281250, -0.633326, -2.111576), (0.335938, -0.640578, -2.095682), (-0.335938, -0.640578, -2.095682), (0.203125, -0.406351, -2.104027), (-0.203125, -0.406351, -2.104027), (0.195312, -0.461004, -2.102080), (-0.195312, -0.461004, -2.102080), (0.109375, -0.690224, -1.953199), (-0.109375, -0.690224, -1.953199), (0.195312, -0.893497, -1.953774), (-0.195312, -0.893497, -1.953774), (0.335938, -0.916086, -1.929517), (-0.335938, -0.916086, -1.929517), (0.484375, -0.781967, -1.895208), (-0.484375, -0.781967, -1.895208), (0.679688, -0.678244, -1.836364), (-0.679688, -0.678244, -1.836364), (0.796875, -0.630286, -1.806804), (-0.796875, -0.630286, -1.806804), (0.773438, -0.386275, -1.726046), (-0.773438, -0.386275, -1.726046), (0.601562, -0.232010, -1.756702), (-0.601562, -0.232010, -1.756702), (0.437500, -0.150284, -1.805352), (-0.437500, -0.150284, -1.805352), (-0.000000, -1.116041, -1.617513), (-0.000000, -1.188850, -1.247498), (-0.000000, 0.097804, -0.700488), (-0.000000, 0.196559, -1.541332), (-0.000000, 0.682457, -1.863806), (-0.000000, 0.526105, -1.734168), (-0.000000, 0.297734, -1.685698), (-0.000000, 0.215039, -1.636552), (0.851562, -0.443345, -1.397493), (-0.851562, -0.443345, -1.397493), (0.859375, -0.523797, -1.292279), (-0.859375, -0.523797, -1.292279), (0.773438, -0.432060, -0.888158), (-0.773438, -0.432060, -0.888158), (0.460938, -0.574482, -0.614022), (-0.460938, -0.574482, -0.614022), (0.734375, -0.168889, -1.407647), (-0.734375, -0.168889, -1.407647), (0.593750, -0.072950, -1.178278), (-0.593750, -0.072950, -1.178278), (0.640625, -0.160656, -0.912973), (-0.640625, -0.160656, -0.912973), (0.335938, -0.186785, -0.677381), (-0.335938, -0.186785, -0.677381), (0.234375, 0.087874, -1.749042), (-0.234375, 0.087874, -1.749042), (0.179688, 0.153734, -1.607324), (-0.179688, 0.153734, -1.607324), (0.289062, 0.434292, -1.762155), (-0.289062, 0.434292, -1.762155), (0.250000, 0.230389, -1.748091), (-0.250000, 0.230389, -1.748091), (0.328125, 0.629089, -1.797499), (-0.328125, 0.629089, -1.797499), (0.140625, 0.479143, -1.751803), (-0.140625, 0.479143, -1.751803), (0.125000, 0.266096, -1.720316), (-0.125000, 0.266096, -1.720316), (0.164062, 0.654692, -1.838185), (-0.164062, 0.654692, -1.838185), (0.218750, 0.021508, -1.767682), (-0.218750, 0.021508, -1.767682), (0.210938, -0.031405, -1.803699), (-0.210938, -0.031405, -1.803699), (0.203125, -0.084387, -1.832118), (-0.203125, -0.084387, -1.832118), (0.210938, 0.139544, -1.513606), (-0.210938, 0.139544, -1.513606), (0.296875, 0.119617, -1.094988), (-0.296875, 0.119617, -1.094988), (0.343750, -0.003275, -0.818398), (-0.343750, -0.003275, -0.818399), (0.453125, -1.060888, -0.947176), (-0.453125, -1.060888, -0.947176), (0.453125, -1.134475, -1.257253), (-0.453125, -1.134475, -1.257253), (0.453125, -1.067249, -1.564529), (-0.453125, -1.067249, -1.564529), (0.460938, -0.746286, -1.771400), (-0.460938, -0.746286, -1.771400), (0.726562, -0.625835, -1.681882), (-0.726562, -0.625835, -1.681882), (0.632812, -0.670733, -1.625561), (-0.632812, -0.670733, -1.625561), (0.640625, -0.912507, -1.390240), (-0.640625, -0.912507, -1.390240), (0.796875, -0.774475, -1.465515), (-0.796875, -0.774475, -1.465515), (0.796875, -0.820505, -1.221534), (-0.796875, -0.820505, -1.221534), (0.640625, -0.950451, -1.138730), (-0.640625, -0.950451, -1.138730), (0.640625, -0.864469, -0.883334), (-0.640625, -0.864469, -0.883334), (0.796875, -0.724006, -0.969004), (-0.796875, -0.724005, -0.969004), (0.617188, -0.478289, -0.736937), (-0.617188, -0.478289, -0.736937), (0.484375, -0.174695, -0.794735), (-0.484375, -0.174695, -0.794735), (0.820312, -0.518654, -1.125466), (-0.820312, -0.518654, -1.125466), (0.406250, -0.059132, -1.483418), (-0.406250, -0.059132, -1.483418), (0.429688, 0.000610, -1.135370), (-0.429688, 0.000610, -1.135370), (0.890625, -0.589214, -1.081916), (-0.890625, -0.589214, -1.081916), (0.773438, -0.062039, -1.221062), (-0.773438, -0.062039, -1.221062), (1.039062, -0.082949, -1.022968), (-1.039062, -0.082949, -1.022968), (1.281250, -0.227251, -0.912401), (-1.281250, -0.227251, -0.912401), (1.351562, -0.486933, -0.899441), (-1.351562, -0.486933, -0.899441), (1.234375, -0.670020, -0.885349), (-1.234375, -0.670020, -0.885349), (1.023438, -0.649287, -0.995884), (-1.023438, -0.649287, -0.995885), (1.015625, -0.590660, -1.024272), (-1.015625, -0.590660, -1.024273), (1.187500, -0.604133, -0.921403), (-1.187500, -0.604133, -0.921403), (1.265625, -0.457782, -0.917128), (-1.265625, -0.457782, -0.917128), (1.210938, -0.251954, -0.933299), (-1.210938, -0.251954, -0.933299), (1.031250, -0.145738, -1.040714), (-1.031250, -0.145738, -1.040714), (0.828125, -0.129505, -1.208658), (-0.828125, -0.129505, -1.208658), (0.921875, -0.544528, -1.100593), (-0.921875, -0.544528, -1.100594), (0.945312, -0.484747, -1.033702), (-0.945312, -0.484747, -1.033702), (0.882812, -0.168483, -1.129830), (-0.882812, -0.168483, -1.129830), (1.039062, -0.178831, -0.977212), (-1.039062, -0.178831, -0.977212), (1.187500, -0.264115, -0.894192), (-1.187500, -0.264115, -0.894192), (1.234375, -0.416601, -0.882167), (-1.234375, -0.416601, -0.882167), (1.171875, -0.524196, -0.881676), (-1.171875, -0.524196, -0.881676), (1.023438, -0.516041, -0.960094), (-1.023438, -0.516041, -0.960094), (0.843750, -0.478426, -1.117494), (-0.843750, -0.478426, -1.117494), (0.835938, -0.355506, -1.057523), (-0.835938, -0.355506, -1.057524), (0.757812, -0.278128, -1.061459), (-0.757812, -0.278128, -1.061459), (0.820312, -0.270373, -1.061823), (-0.820312, -0.270373, -1.061823), (0.843750, -0.201694, -1.066949), (-0.843750, -0.201694, -1.066949), (0.812500, -0.171069, -1.069061), (-0.812500, -0.171069, -1.069061), (0.726562, -0.203257, -1.265892), (-0.726562, -0.203257, -1.265892), (0.718750, -0.171500, -1.166735), (-0.718750, -0.171500, -1.166735), (0.718750, -0.231442, -1.148267), (-0.718750, -0.231442, -1.148267), (0.796875, -0.392098, -1.118917), (-0.796875, -0.392098, -1.118917), (0.890625, -0.425978, -1.062045), (-0.890625, -0.425978, -1.062045), (0.890625, -0.412858, -1.007084), (-0.890625, -0.412858, -1.007084), (0.812500, -0.167341, -1.023803), (-0.812500, -0.167341, -1.023803), (0.851562, -0.197864, -1.021461), (-0.851562, -0.197865, -1.021460), (0.828125, -0.259098, -1.017046), (-0.828125, -0.259098, -1.017046), (0.765625, -0.274429, -1.015979), (-0.765625, -0.274429, -1.015979), (0.843750, -0.351280, -1.010941), (-0.843750, -0.351280, -1.010941), (1.039062, -0.496116, -0.907485), (-1.039062, -0.496116, -0.907485), (1.187500, -0.505127, -0.837129), (-1.187500, -0.505127, -0.837129), (1.257812, -0.405301, -0.837229), (-1.257812, -0.405301, -0.837228), (1.210938, -0.253536, -0.856978), (-1.210938, -0.253536, -0.856978), (1.046875, -0.174658, -0.924362), (-1.046875, -0.174658, -0.924362), (0.882812, -0.171696, -1.076599), (-0.882812, -0.171696, -1.076599), (0.953125, -0.464265, -0.979925), (-0.953125, -0.464265, -0.979925), (0.890625, -0.289101, -1.007268), (-0.890625, -0.289101, -1.007268), (0.937500, -0.242458, -1.002878), (-0.937500, -0.242458, -1.002877), (1.000000, -0.301168, -0.968021), (-1.000000, -0.301168, -0.968021), (0.960938, -0.348442, -0.980016), (-0.960938, -0.348442, -0.980016), (1.015625, -0.407631, -0.952536), (-1.015625, -0.407631, -0.952536), (1.054688, -0.360997, -0.948165), (-1.054688, -0.360997, -0.948165), (1.109375, -0.383213, -0.938744), (-1.109375, -0.383213, -0.938744), (1.085938, -0.444314, -0.934132), (-1.085938, -0.444314, -0.934132), (1.023438, -0.596878, -0.830245), (-1.023438, -0.596878, -0.830245), (1.250000, -0.621859, -0.766474), (-1.250000, -0.621859, -0.766474), (1.367188, -0.457767, -0.825183), (-1.367188, -0.457767, -0.825184), (1.312500, -0.219008, -0.813707), (-1.312500, -0.219008, -0.813707), (1.039062, -0.084350, -0.862535), (-1.039062, -0.084350, -0.862535), (0.789062, -0.058896, -1.023481), (-0.789062, -0.058896, -1.023481), (0.859375, -0.551619, -0.933428), (-0.859375, -0.551620, -0.933428), (-0.356742, 0.614465, -3.587142), (-0.356742, -0.313547, -1.382162), (-0.356742, 1.095982, -3.115537), (-0.356742, -0.298267, -0.688545), (0.356742, 0.607961, -3.584346), (0.356742, -0.310003, -1.408656), (0.356742, 1.100641, -3.113367), (0.356742, -0.302834, -0.691720), (-0.356742, 0.280612, -3.260090), (-0.356742, 0.095292, -2.692672), (-0.356742, 0.387476, -2.361663), (-0.356742, 0.743594, -2.119651), (-0.356742, 0.742124, -1.999799), (-0.356742, 0.435980, -1.738372), (-0.356742, 0.186291, -1.438349), (-0.356742, -0.019197, -1.274719), (-0.356742, 0.205124, -0.689550), (-0.356742, 0.637668, -0.923805), (-0.356742, 0.997324, -1.297716), (-0.356742, 1.274359, -1.735048), (-0.356742, 1.208039, -2.433470), (-0.356742, 0.836677, -2.762626), (-0.356742, 0.563476, -2.851871), (-0.356742, 0.782801, -2.897078), (0.356742, 0.202883, -0.689720), (0.356742, 0.637232, -0.923378), (0.356742, 0.997160, -1.297236), (0.356742, 1.274363, -1.735063), (0.356742, 1.208028, -2.433479), (0.356742, 0.836665, -2.762622), (0.356742, 0.563477, -2.851834), (0.356742, 0.783108, -2.896790), (0.356742, -0.015910, -1.278784), (0.356742, 0.187191, -1.438022), (0.356742, 0.435976, -1.738373), (0.356742, 0.742128, -1.999797), (0.356742, 0.743591, -2.119648), (0.356742, 0.387508, -2.361634), (0.356742, 0.095293, -2.692585), (0.356742, 0.280032, -3.259600)],
            10: [(0.437500, -0.360831, -2.186870), (-0.437500, -0.360831, -2.186870), (0.500000, -0.291139, -2.108190), (-0.500000, -0.291139, -2.108190), (0.546875, -0.252944, -1.998509), (-0.546875, -0.252944, -1.998509), (0.351562, -0.174513, -2.036952), (-0.351562, -0.174513, -2.036952), (0.351562, -0.228394, -2.138944), (-0.351562, -0.228394, -2.138944), (0.351562, -0.329458, -2.202247), (-0.351562, -0.329458, -2.202247), (0.273438, -0.360583, -2.218119), (-0.273438, -0.360583, -2.218119), (0.203125, -0.290706, -2.162876), (-0.203125, -0.290706, -2.162876), (0.156250, -0.252387, -2.068820), (-0.156250, -0.252387, -2.068820), (0.078125, -0.439820, -2.078117), (-0.078125, -0.439820, -2.078117), (0.140625, -0.439139, -2.164052), (-0.140625, -0.439139, -2.164052), (0.242188, -0.438706, -2.218738), (-0.242188, -0.438706, -2.218738), (0.273438, -0.524640, -2.219418), (-0.273438, -0.524640, -2.219418), (0.203125, -0.587572, -2.165227), (-0.203125, -0.587572, -2.165227), (0.156250, -0.635188, -2.071852), (-0.156250, -0.635188, -2.071852), (0.351562, -0.713558, -2.041222), (-0.351562, -0.713558, -2.041222), (0.351562, -0.650256, -2.142286), (-0.351562, -0.650256, -2.142286), (0.351562, -0.556013, -2.204041), (-0.351562, -0.556013, -2.204041), (0.437500, -0.524889, -2.188169), (-0.437500, -0.524889, -2.188169), (0.500000, -0.588005, -2.110542), (-0.500000, -0.588005, -2.110542), (0.546875, -0.635745, -2.001541), (-0.546875, -0.635745, -2.001541), (0.625000, -0.440562, -1.984370), (-0.625000, -0.440562, -1.984370), (0.562500, -0.439695, -2.093741), (-0.562500, -0.439695, -2.093741), (0.468750, -0.439016, -2.179676), (-0.468750, -0.439016, -2.179676), (0.476562, -0.438892, -2.195301), (-0.476562, -0.438892, -2.195301), (0.445312, -0.532577, -2.203856), (-0.445312, -0.532577, -2.203856), (0.351562, -0.571453, -2.227602), (-0.351562, -0.571453, -2.227602), (0.265625, -0.532267, -2.242917), (-0.265625, -0.532267, -2.242917), (0.226562, -0.438520, -2.242175), (-0.226562, -0.438520, -2.242175), (0.265625, -0.352585, -2.241494), (-0.265625, -0.352585, -2.241494), (0.351562, -0.438458, -2.249987), (-0.351562, -0.438458, -2.249987), (0.351562, -0.313648, -2.225560), (-0.351562, -0.313648, -2.225560), (0.445312, -0.352895, -2.202433), (-0.445312, -0.352895, -2.202433), (0.000000, -0.626634, -2.165537), (0.000000, -0.547892, -2.243041), (0.000000, 0.413544, -2.130955), (0.000000, 0.077884, -2.167276), (0.000000, -0.041133, -2.187112), (0.000000, 0.502986, -2.120376), (-0.000000, -0.604310, -2.024731), (-0.000000, -0.768615, -1.994781), (-0.000000, -1.105579, -0.880227), (-0.000000, -0.712035, -0.538619), (-0.000000, -0.194956, -0.575407), (-0.000000, 0.214766, -1.072082), (0.203125, -0.044754, -1.947697), (-0.203125, -0.044754, -1.947697), (0.312500, 0.187184, -1.959491), (-0.312500, 0.187184, -1.959491), (0.351562, 0.432439, -1.972345), (-0.351562, 0.432439, -1.972345), (0.367188, 0.621563, -1.945731), (-0.367188, 0.621563, -1.945731), (0.328125, 0.674443, -1.941370), (-0.328125, 0.674443, -1.941370), (0.179688, 0.695298, -1.972801), (-0.179688, 0.695298, -1.972801), (0.000000, 0.709187, -1.996252), (0.437500, -0.079919, -1.925673), (-0.437500, -0.079919, -1.925673), (0.632812, -0.169201, -1.945301), (-0.632812, -0.169201, -1.945301), (0.828125, -0.348123, -1.865530), (-0.828125, -0.348123, -1.865530), (0.859375, -0.627809, -2.017104), (-0.859375, -0.627809, -2.017104), (0.710938, -0.682247, -2.048786), (-0.710938, -0.682247, -2.048786), (0.492188, -0.798936, -2.112212), (-0.492188, -0.798936, -2.112212), (0.320312, -0.954810, -2.160324), (-0.320312, -0.954810, -2.160324), (0.156250, -0.915563, -2.183452), (-0.156250, -0.915563, -2.183452), (0.062500, -0.689069, -2.173844), (-0.062500, -0.689069, -2.173844), (0.164062, -0.610761, -2.196662), (-0.164062, -0.610761, -2.196662), (0.125000, -0.501451, -2.187984), (-0.125000, -0.501451, -2.187984), (0.203125, -0.295317, -2.156051), (-0.203125, -0.295317, -2.156051), (0.375000, -0.226075, -2.105621), (-0.375000, -0.226075, -2.105621), (0.492188, -0.268548, -2.079600), (-0.492188, -0.268548, -2.079600), (0.625000, -0.385662, -2.068976), (-0.625000, -0.385662, -2.068976), (0.640625, -0.494567, -2.070738), (-0.640625, -0.494567, -2.070738), (0.601562, -0.572566, -2.086981), (-0.601562, -0.572566, -2.086981), (0.429688, -0.634631, -2.142162), (-0.429688, -0.634631, -2.142162), (0.250000, -0.665571, -2.181471), (-0.250000, -0.665571, -2.181471), (0.000000, 0.494876, -2.135089), (0.109375, 0.449809, -2.132644), (-0.109375, 0.449809, -2.132644), (0.117188, 0.561933, -2.115970), (-0.117188, 0.561933, -2.115970), (0.062500, 0.607255, -2.103421), (-0.062500, 0.607255, -2.103421), (0.000000, 0.615068, -2.096313), (0.000000, -0.029835, -2.143475), (0.000000, -0.080517, -2.137314), (0.101562, -0.075597, -2.134796), (-0.101562, -0.075597, -2.134796), (0.125000, -0.007646, -2.137136), (-0.125000, -0.007646, -2.137136), (0.085938, 0.048499, -2.127739), (-0.085938, 0.048499, -2.127739), (0.398438, -0.168060, -2.070251), (-0.398438, -0.168060, -2.070251), (0.617188, -0.258963, -2.035569), (-0.617188, -0.258963, -2.035569), (0.726562, -0.401192, -2.023122), (-0.726562, -0.401192, -2.023122), (0.742188, -0.572628, -2.079169), (-0.742188, -0.572628, -2.079169), (0.687500, -0.611133, -2.149788), (-0.687500, -0.611133, -2.149788), (0.437500, -0.743384, -2.221151), (-0.437500, -0.743384, -2.221151), (0.312500, -0.836822, -2.260955), (-0.312500, -0.836822, -2.260955), (0.203125, -0.813261, -2.276394), (-0.203125, -0.813261, -2.276394), (0.101562, -0.625829, -2.267097), (-0.101562, -0.625829, -2.267097), (0.125000, -0.115786, -2.210376), (-0.125000, -0.115786, -2.210376), (0.210938, 0.192274, -2.098274), (-0.210938, 0.192274, -2.098274), (0.250000, 0.436054, -2.086303), (-0.250000, 0.436054, -2.086303), (0.265625, 0.548495, -2.069809), (-0.265625, 0.548495, -2.069809), (0.234375, 0.639414, -2.044882), (-0.234375, 0.639414, -2.044882), (0.164062, 0.654464, -2.045765), (-0.164062, 0.654464, -2.045765), (0.000000, 0.669171, -2.054174), (0.000000, -0.248296, -2.140878), (0.000000, -0.407704, -2.187241), (0.328125, -0.673507, -2.165908), (-0.328125, -0.673507, -2.165908), (0.164062, -0.338625, -2.169297), (-0.164062, -0.338625, -2.169297), (0.132812, -0.407766, -2.179429), (-0.132812, -0.407766, -2.179429), (0.117188, 0.420306, -2.131160), (-0.117188, 0.420306, -2.131160), (0.078125, 0.192696, -2.137298), (-0.078125, 0.192696, -2.137298), (0.000000, 0.193050, -2.137484), (0.000000, 0.085126, -2.128269), (0.093750, 0.034085, -2.166909), (-0.093750, 0.034085, -2.166909), (0.132812, -0.008135, -2.183784), (-0.132812, -0.008135, -2.183784), (0.109375, -0.093544, -2.171154), (-0.109375, -0.093544, -2.171154), (0.039062, -0.099774, -2.172378), (-0.039062, -0.099774, -2.172378), (0.000000, -0.029578, -2.215669), (0.046875, -0.079717, -2.201539), (-0.046875, -0.079717, -2.201539), (0.093750, -0.072921, -2.200942), (-0.093750, -0.072921, -2.200942), (0.109375, -0.008496, -2.214842), (-0.109375, -0.008496, -2.214842), (0.078125, 0.013028, -2.190989), (-0.078125, 0.013028, -2.190989), (0.000000, 0.048295, -2.190189), (0.257812, 0.070843, -1.940429), (-0.257812, 0.070843, -1.940429), (0.164062, 0.004968, -2.096275), (-0.164062, 0.004968, -2.096275), (0.179688, 0.069415, -2.096011), (-0.179688, 0.069415, -2.096011), (0.234375, 0.012927, -1.939649), (-0.234375, 0.012927, -1.939649), (0.000000, 0.600276, -2.095464), (0.046875, 0.592922, -2.095046), (-0.046875, 0.592922, -2.095046), (0.093750, 0.547179, -2.115153), (-0.093750, 0.547179, -2.115153), (0.093750, 0.472428, -2.126257), (-0.093750, 0.472428, -2.126257), (0.000000, 0.513145, -2.060364), (0.093750, 0.482681, -2.066238), (-0.093750, 0.482681, -2.066238), (0.093750, 0.543699, -2.046927), (-0.093750, 0.543699, -2.046927), (0.046875, 0.581474, -2.041491), (-0.046875, 0.581474, -2.041491), (0.000000, 0.588925, -2.041912), (0.171875, -0.415393, -2.202928), (-0.171875, -0.415393, -2.202928), (0.187500, -0.353439, -2.193850), (-0.187500, -0.353439, -2.193850), (0.335938, -0.626509, -2.181162), (-0.335938, -0.626509, -2.181162), (0.273438, -0.618574, -2.196724), (-0.273438, -0.618574, -2.196724), (0.421875, -0.595137, -2.196539), (-0.421875, -0.595137, -2.196539), (0.562500, -0.548882, -2.118045), (-0.562500, -0.548882, -2.118045), (0.585938, -0.486445, -2.109737), (-0.585938, -0.486445, -2.109737), (0.578125, -0.393660, -2.099491), (-0.578125, -0.393660, -2.099491), (0.476562, -0.306323, -2.127835), (-0.476562, -0.306323, -2.127835), (0.375000, -0.269884, -2.147995), (-0.375000, -0.269884, -2.147995), (0.226562, -0.310579, -2.195356), (-0.226562, -0.310579, -2.195356), (0.179688, -0.493515, -2.203546), (-0.179688, -0.493515, -2.203546), (0.210938, -0.571638, -2.204165), (-0.210938, -0.571638, -2.204165), (0.234375, -0.556199, -2.180604), (-0.234375, -0.556199, -2.180604), (0.195312, -0.493701, -2.180110), (-0.195312, -0.493701, -2.180110), (0.242188, -0.326464, -2.171615), (-0.242188, -0.326464, -2.171615), (0.375000, -0.292164, -2.133651), (-0.375000, -0.292164, -2.133651), (0.460938, -0.321447, -2.112833), (-0.460938, -0.321447, -2.112833), (0.546875, -0.409055, -2.092307), (-0.546875, -0.409055, -2.092307), (0.554688, -0.478757, -2.094051), (-0.554688, -0.478757, -2.094051), (0.531250, -0.533381, -2.102296), (-0.531250, -0.533381, -2.102296), (0.414062, -0.587510, -2.173040), (-0.414062, -0.587510, -2.173040), (0.281250, -0.595199, -2.188726), (-0.281250, -0.595199, -2.188726), (0.335938, -0.603135, -2.173164), (-0.335938, -0.603135, -2.173164), (0.203125, -0.368767, -2.171307), (-0.203125, -0.368767, -2.171307), (0.195312, -0.423453, -2.171740), (-0.195312, -0.423453, -2.171740), (0.109375, -0.658934, -2.032976), (-0.109375, -0.658934, -2.032976), (0.195312, -0.861992, -2.042397), (-0.195312, -0.861992, -2.042397), (0.335938, -0.885613, -2.019146), (-0.335938, -0.885613, -2.019146), (0.484375, -0.753114, -1.979033), (-0.484375, -0.753114, -1.979033), (0.679688, -0.652051, -1.915730), (-0.679688, -0.652051, -1.915730), (0.796875, -0.605424, -1.884110), (-0.796875, -0.605424, -1.884110), (0.773438, -0.365140, -1.792706), (-0.773438, -0.365140, -1.792706), (0.601562, -0.209710, -1.816145), (-0.601562, -0.209710, -1.816145), (0.437500, -0.126076, -1.860820), (-0.437500, -0.126076, -1.860820), (-0.000000, -1.098958, -1.716139), (-0.000000, -1.187801, -1.349644), (-0.000000, 0.075982, -0.748419), (-0.000000, 0.208125, -1.581657), (-0.000000, 0.706684, -1.883205), (-0.000000, 0.545212, -1.760481), (-0.000000, 0.315298, -1.721635), (-0.000000, 0.230682, -1.675979), (0.851562, -0.436331, -1.466819), (-0.851562, -0.436331, -1.466820), (0.859375, -0.521230, -1.365215), (-0.859375, -0.521230, -1.365215), (0.773438, -0.446367, -0.957391), (-0.773438, -0.446367, -0.957391), (0.460938, -0.600042, -0.689911), (-0.460938, -0.600042, -0.689911), (0.734375, -0.161641, -1.464544), (-0.734375, -0.161641, -1.464544), (0.593750, -0.075560, -1.231396), (-0.593750, -0.075560, -1.231396), (0.640625, -0.174276, -0.970535), (-0.640625, -0.174276, -0.970535), (0.335938, -0.209931, -0.736697), (-0.335938, -0.209931, -0.736697), (0.234375, 0.108892, -1.793833), (-0.234375, 0.108892, -1.793833), (0.179688, 0.168414, -1.649470), (-0.179688, 0.168414, -1.649470), (0.289062, 0.454889, -1.792283), (-0.289062, 0.454889, -1.792283), (0.250000, 0.250942, -1.786835), (-0.250000, 0.250942, -1.786835), (0.328125, 0.650679, -1.819334), (-0.328125, 0.650679, -1.819334), (0.140625, 0.499134, -1.780047), (-0.140625, 0.499134, -1.780047), (0.125000, 0.285265, -1.757526), (-0.125000, 0.285265, -1.757526), (0.164062, 0.677913, -1.858825), (-0.164062, 0.677913, -1.858825), (0.218750, 0.043550, -1.815348), (-0.218750, 0.043550, -1.815348), (0.210938, -0.007651, -1.853648), (-0.210938, -0.007651, -1.853648), (0.203125, -0.059263, -1.884361), (-0.203125, -0.059263, -1.884361), (0.210938, 0.150299, -1.556558), (-0.210938, 0.150299, -1.556558), (0.296875, 0.113087, -1.140120), (-0.296875, 0.113087, -1.140120), (0.343750, -0.020959, -0.869622), (-0.343750, -0.020959, -0.869622), (0.453125, -1.073031, -1.044037), (-0.453125, -1.073031, -1.044037), (0.453125, -1.133053, -1.357023), (-0.453125, -1.133053, -1.357023), (0.453125, -1.052517, -1.661082), (-0.453125, -1.052517, -1.661082), (0.460938, -0.722856, -1.853789), (-0.460938, -0.722856, -1.853789), (0.726562, -0.606414, -1.759114), (-0.726562, -0.606414, -1.759114), (0.632812, -0.653721, -1.704799), (-0.632812, -0.653721, -1.704799), (0.640625, -0.905508, -1.480224), (-0.640625, -0.905508, -1.480224), (0.796875, -0.764330, -1.549421), (-0.796875, -0.764330, -1.549421), (0.796875, -0.820934, -1.307674), (-0.796875, -0.820934, -1.307674), (0.640625, -0.954362, -1.230603), (-0.640625, -0.954362, -1.230603), (0.640625, -0.879295, -0.971593), (-0.640625, -0.879295, -0.971593), (0.796875, -0.735090, -1.050974), (-0.796875, -0.735090, -1.050974), (0.617188, -0.498845, -0.808454), (-0.617188, -0.498845, -0.808454), (0.484375, -0.193116, -0.853193), (-0.484375, -0.193116, -0.853193), (0.820312, -0.523025, -1.198169), (-0.820312, -0.523025, -1.198169), (0.406250, -0.048917, -1.535129), (-0.406250, -0.048917, -1.535129), (0.429688, -0.003915, -1.185386), (-0.429688, -0.003915, -1.185386), (0.890625, -0.595123, -1.157572), (-0.890625, -0.595123, -1.157572), (0.773438, -0.062925, -1.273702), (-0.773438, -0.062925, -1.273702), (1.039062, -0.092241, -1.077011), (-1.039062, -0.092241, -1.077011), (1.281250, -0.240962, -0.972849), (-1.281250, -0.240962, -0.972849), (1.351562, -0.500656, -0.970995), (-1.351562, -0.500656, -0.970995), (1.234375, -0.683976, -0.964752), (-1.234375, -0.683976, -0.964752), (1.023438, -0.658621, -1.074196), (-1.023438, -0.658621, -1.074196), (1.015625, -0.598927, -1.100035), (-1.015625, -0.598928, -1.100035), (1.187500, -0.616696, -0.997921), (-1.187500, -0.616696, -0.997921), (1.265625, -0.470815, -0.987401), (-1.265625, -0.470815, -0.987401), (1.210938, -0.264721, -0.994753), (-1.210938, -0.264721, -0.994753), (1.031250, -0.154139, -1.097392), (-1.031250, -0.154139, -1.097392), (0.828125, -0.130774, -1.264226), (-0.828125, -0.130774, -1.264226), (0.921875, -0.549726, -1.174301), (-0.921875, -0.549726, -1.174301), (0.945312, -0.492864, -1.104943), (-0.945312, -0.492864, -1.104943), (0.882812, -0.173028, -1.187260), (-0.882812, -0.173028, -1.187260), (1.039062, -0.189875, -1.035449), (-1.039062, -0.189875, -1.035449), (1.187500, -0.278526, -0.956252), (-1.187500, -0.278526, -0.956252), (1.234375, -0.431211, -0.950760), (-1.234375, -0.431211, -0.950760), (1.171875, -0.538617, -0.954865), (-1.171875, -0.538617, -0.954865), (1.023438, -0.527173, -1.032788), (-1.023438, -0.527173, -1.032787), (0.843750, -0.483138, -1.188425), (-0.843750, -0.483138, -1.188426), (0.835938, -0.362831, -1.123167), (-0.835938, -0.362831, -1.123167), (0.757812, -0.285388, -1.123751), (-0.757812, -0.285388, -1.123751), (0.820312, -0.277626, -1.123780), (-0.820312, -0.277626, -1.123780), (0.843750, -0.208865, -1.125957), (-0.843750, -0.208866, -1.125957), (0.812500, -0.178206, -1.126752), (-0.812500, -0.178207, -1.126752), (0.726562, -0.201961, -1.324530), (-0.726562, -0.201961, -1.324530), (0.718750, -0.174449, -1.224186), (-0.718750, -0.174449, -1.224186), (0.718750, -0.235080, -1.208354), (-0.718750, -0.235080, -1.208354), (0.796875, -0.396797, -1.186054), (-0.796875, -0.396797, -1.186054), (0.890625, -0.433027, -1.130732), (-0.890625, -0.433027, -1.130733), (0.890625, -0.422217, -1.075282), (-0.890625, -0.422217, -1.075283), (0.812500, -0.176420, -1.081443), (-0.812500, -0.176420, -1.081443), (0.851562, -0.206982, -1.080408), (-0.851562, -0.206982, -1.080408), (0.828125, -0.268289, -1.078623), (-0.828125, -0.268289, -1.078623), (0.765625, -0.283638, -1.078215), (-0.765625, -0.283638, -1.078215), (0.843750, -0.360574, -1.076486), (-0.843750, -0.360574, -1.076485), (1.039062, -0.509515, -0.979429), (-1.039062, -0.509516, -0.979429), (1.187500, -0.521481, -0.909599), (-1.187500, -0.521481, -0.909598), (1.257812, -0.421853, -0.905437), (-1.257812, -0.421853, -0.905437), (1.210938, -0.269562, -0.918671), (-1.210938, -0.269562, -0.918671), (1.046875, -0.187973, -0.982543), (-1.046875, -0.187973, -0.982543), (0.882812, -0.178509, -1.134299), (-0.882812, -0.178509, -1.134299), (0.953125, -0.474672, -1.050373), (-0.953125, -0.474672, -1.050373), (0.890625, -0.298654, -1.070151), (-0.890625, -0.298654, -1.070151), (0.937500, -0.252282, -1.063773), (-0.937500, -0.252282, -1.063773), (1.000000, -0.312366, -1.031504), (-1.000000, -0.312366, -1.031504), (0.960938, -0.359045, -1.045497), (-0.960938, -0.359045, -1.045497), (1.015625, -0.419287, -1.020605), (-1.015625, -0.419288, -1.020605), (1.054688, -0.372923, -1.014247), (-1.054688, -0.372923, -1.014247), (1.109375, -0.395494, -1.005794), (-1.109375, -0.395494, -1.005794), (1.085938, -0.456672, -1.003802), (-1.085938, -0.456672, -1.003802), (1.023438, -0.613348, -0.906649), (-1.023438, -0.613348, -0.906649), (1.250000, -0.640976, -0.844074), (-1.250000, -0.640976, -0.844074), (1.367188, -0.474715, -0.895654), (-1.367188, -0.474715, -0.895654), (1.312500, -0.236941, -0.874023), (-1.312500, -0.236941, -0.874023), (1.039062, -0.100464, -0.917007), (-1.039062, -0.100463, -0.917007), (0.789062, -0.068169, -1.076478), (-0.789062, -0.068169, -1.076478), (0.859375, -0.563786, -1.007681), (-0.859375, -0.563787, -1.007682), (-0.356742, 0.615217, -3.592645), (-0.356742, -0.306445, -1.443264), (-0.356742, 1.087379, -3.113983), (-0.356742, -0.317538, -0.751840), (0.356742, 0.608604, -3.589767), (0.356742, -0.302014, -1.470302), (0.356742, 1.092136, -3.111794), (0.356742, -0.322121, -0.755231), (-0.356742, 0.276373, -3.269346), (-0.356742, 0.089955, -2.701868), (-0.356742, 0.388893, -2.377448), (-0.356742, 0.752537, -2.144026), (-0.356742, 0.750931, -2.033203), (-0.356742, 0.439436, -1.776342), (-0.356742, 0.185474, -1.479296), (-0.356742, -0.019057, -1.321065), (-0.356742, 0.187311, -0.734442), (-0.356742, 0.626619, -0.958174), (-0.356742, 0.993227, -1.328812), (-0.356742, 1.274585, -1.764792), (-0.356742, 1.203899, -2.465230), (-0.356742, 0.824178, -2.787523), (-0.356742, 0.545618, -2.865754), (-0.356742, 0.769093, -2.901404), (0.356742, 0.185021, -0.734684), (0.356742, 0.626159, -0.957749), (0.356742, 0.993046, -1.328326), (0.356742, 1.274589, -1.764807), (0.356742, 1.203887, -2.465240), (0.356742, 0.824167, -2.787519), (0.356742, 0.545619, -2.865716), (0.356742, 0.769407, -2.901112), (0.356742, -0.015567, -1.325132), (0.356742, 0.186386, -1.478934), (0.356742, 0.439431, -1.776343), (0.356742, 0.750935, -2.033200), (0.356742, 0.752535, -2.144023), (0.356742, 0.388925, -2.377419), (0.356742, 0.089956, -2.701779), (0.356742, 0.275785, -3.268844)],
        }
    }
}
